-- phpMyAdmin SQL Dump
-- version 5.2.1
-- https://www.phpmyadmin.net/
--
-- Host: 127.0.0.1
-- Generation Time: Jul 06, 2024 at 06:31 PM
-- Server version: 8.0.33
-- PHP Version: 8.3.7

SET SQL_MODE = "NO_AUTO_VALUE_ON_ZERO";
START TRANSACTION;
SET time_zone = "+00:00";


/*!40101 SET @OLD_CHARACTER_SET_CLIENT=@@CHARACTER_SET_CLIENT */;
/*!40101 SET @OLD_CHARACTER_SET_RESULTS=@@CHARACTER_SET_RESULTS */;
/*!40101 SET @OLD_COLLATION_CONNECTION=@@COLLATION_CONNECTION */;
/*!40101 SET NAMES utf8mb4 */;

--
-- Database: `sopwater_watercourse`
--

-- --------------------------------------------------------

--
-- Table structure for table `panel_admin`
--

CREATE TABLE `panel_admin` (
  `id` int NOT NULL,
  `admin_type` int NOT NULL DEFAULT '0',
  `admin_name` varchar(200) NOT NULL,
  `admin_email` varchar(200) NOT NULL,
  `admin_mobile` varchar(30) NOT NULL,
  `admin_address` text CHARACTER SET utf8mb3 COLLATE utf8mb3_general_ci,
  `admin_details` text CHARACTER SET utf8mb3 COLLATE utf8mb3_general_ci,
  `password` varchar(500) NOT NULL,
  `status` int NOT NULL DEFAULT '0',
  `ts` timestamp NOT NULL DEFAULT CURRENT_TIMESTAMP ON UPDATE CURRENT_TIMESTAMP
) ENGINE=MyISAM DEFAULT CHARSET=utf8mb3;

--
-- Dumping data for table `panel_admin`
--

INSERT INTO `panel_admin` (`id`, `admin_type`, `admin_name`, `admin_email`, `admin_mobile`, `admin_address`, `admin_details`, `password`, `status`, `ts`) VALUES
(1, 1, 'Shahzad Choudhary', 'dba.uspcasw@admin.muet.edu.pk', '0300-373331', NULL, NULL, '27461a036d3b5d221a32d868e662a6fba5c6f569ff0ca17c6dc2e3a0c9e188eb', 1, '2020-01-02 10:55:25'),
(3, 1, 'Rajoo', 'rajoomal@gmail.com', '0341-3944885', NULL, NULL, 'e1c26e47e22b101ae6ff6076ed4baebbef59518b91eeabcaca46896ece93e243', 1, '2021-05-27 09:03:28'),
(5, 0, 'Francis Jacksonhh', 'qafy@mailinator.com', '98', NULL, NULL, 'Nihil corporis ad to', 0, '2024-07-05 14:39:48'),
(6, 0, 'Mr Shahzad', 'test@test.com', '0306', 'Burewala', 'This is Additional details for admin', '0000', 0, '2024-07-03 18:37:30'),
(9, 1, 'Elliott Mcbride', 'rao@rao.com', '9808', NULL, NULL, '00000', 0, '2024-07-05 15:15:19'),
(11, 1, 'Dara Mcmillan', 'vesyhevaca@mailinator.com', '7342343', NULL, NULL, 'Cumque sunt aut offi', 0, '2024-07-05 19:28:08');

-- --------------------------------------------------------

--
-- Table structure for table `panel_config_type`
--

CREATE TABLE `panel_config_type` (
  `id` int NOT NULL,
  `title` varchar(200) NOT NULL,
  `sortorder` int NOT NULL
) ENGINE=MyISAM DEFAULT CHARSET=utf8mb3;

--
-- Dumping data for table `panel_config_type`
--

INSERT INTO `panel_config_type` (`id`, `title`, `sortorder`) VALUES
(1, 'General Settings', 1);

-- --------------------------------------------------------

--
-- Table structure for table `panel_config_variable`
--

CREATE TABLE `panel_config_variable` (
  `id` int NOT NULL,
  `config_type_id` int NOT NULL,
  `title` varchar(512) NOT NULL,
  `notes` varchar(512) NOT NULL,
  `type` varchar(200) NOT NULL,
  `default_values` text NOT NULL,
  `key` varchar(200) NOT NULL,
  `value` text NOT NULL,
  `sortorder` int NOT NULL
) ENGINE=MyISAM DEFAULT CHARSET=utf8mb3;

--
-- Dumping data for table `panel_config_variable`
--

INSERT INTO `panel_config_variable` (`id`, `config_type_id`, `title`, `notes`, `type`, `default_values`, `key`, `value`, `sortorder`) VALUES
(1, 1, 'Site URL', '', 'text', '', 'site_url', 'http://sop.water.muet.edu.pk/wc', 1),
(2, 1, 'Site Title', '', 'text', '', 'site_title', 'WCMS Portal', 2),
(3, 1, 'Admin Email', '', 'text', '', 'admin_email', 'dba.uspcasw@admin.muet.edu.pk', 3),
(4, 1, 'Admin Logo', '', 'file', '', 'admin_logo', '', 4);

-- --------------------------------------------------------

--
-- Table structure for table `panel_menu`
--

CREATE TABLE `panel_menu` (
  `id` int NOT NULL,
  `title` varchar(100) NOT NULL,
  `url` varchar(100) NOT NULL,
  `parent_id` int NOT NULL,
  `depth` int NOT NULL,
  `sortorder` int NOT NULL,
  `menu_icon` varchar(200) CHARACTER SET latin1 COLLATE latin1_swedish_ci NOT NULL,
  `menu_location` int NOT NULL DEFAULT '0',
  `status` int NOT NULL DEFAULT '1'
) ENGINE=MyISAM DEFAULT CHARSET=utf8mb3;

--
-- Dumping data for table `panel_menu`
--

INSERT INTO `panel_menu` (`id`, `title`, `url`, `parent_id`, `depth`, `sortorder`, `menu_icon`, `menu_location`, `status`) VALUES
(1, 'Dashboard', '#', 0, 0, 1, 'home', 0, 0),
(2, 'Configuration', 'config_manage.php?config_id=1', 1, 1, 2, 'cog', 0, 1),
(3, 'Configuration Types', 'config_type_manage.php', 1, 1, 3, 'cogs', 0, 1),
(4, 'Configuration Variables', 'config_variable_manage.php', 1, 1, 4, 'puzzle-piece', 0, 1),
(6, 'Admin Manage', 'admin_manage.php', 1, 1, 6, 'user', 0, 1),
(7, 'Menu Manage', 'menu_manage.php', 1, 1, 5, 'th-list', 0, 1),
(20, 'WCMS Panel', '#', 0, 0, 7, 'binoculars', 0, 1),
(21, 'Expenses Manage', 'expenses_manage.php', 20, 1, 10, 'cube', 0, 1),
(22, 'Users Manage', 'users_manage.php', 20, 1, 8, 'users', 0, 1),
(23, 'Payment Manage', 'payment_manage.php', 20, 1, 9, 'cc-paypal', 0, 1),
(25, 'User Reports Manage', 'user_report_manage.php', 26, 1, 12, 'glass', 0, 1),
(26, 'Reports', '#', 0, 0, 11, 'list-alt', 0, 1),
(27, 'Expenses Report Manage', 'expenses_report_manage.php', 26, 1, 13, 'glass', 0, 1),
(28, 'Balance Report Manage', 'payment_report_manage.php', 26, 1, 14, 'glass', 0, 1);

-- --------------------------------------------------------

--
-- Table structure for table `settings`
--

CREATE TABLE `settings` (
  `id` int NOT NULL,
  `settings_name` text NOT NULL,
  `setting_value` text NOT NULL
) ENGINE=InnoDB DEFAULT CHARSET=utf8mb4 COLLATE=utf8mb4_0900_ai_ci;

--
-- Dumping data for table `settings`
--

INSERT INTO `settings` (`id`, `settings_name`, `setting_value`) VALUES
(1, 'logo', 'Water SOPs');

-- --------------------------------------------------------

--
-- Table structure for table `water_amount_balance`
--

CREATE TABLE `water_amount_balance` (
  `id` int NOT NULL,
  `month_balance` int NOT NULL,
  `year_balance` year NOT NULL,
  `opening_balance` decimal(20,2) DEFAULT '0.00',
  `current_balance` decimal(20,2) DEFAULT '0.00',
  `current_expenses` decimal(20,2) DEFAULT '0.00',
  `net_balance` decimal(20,2) DEFAULT '0.00',
  `ts` timestamp NOT NULL DEFAULT CURRENT_TIMESTAMP ON UPDATE CURRENT_TIMESTAMP
) ENGINE=MyISAM DEFAULT CHARSET=utf8mb3;

--
-- Dumping data for table `water_amount_balance`
--

INSERT INTO `water_amount_balance` (`id`, `month_balance`, `year_balance`, `opening_balance`, `current_balance`, `current_expenses`, `net_balance`, `ts`) VALUES
(1, 12, '2020', 0.00, 225650.00, 0.00, 292709.00, '2022-01-20 02:12:59'),
(2, 1, '2021', 67059.00, 522621.00, 86494.00, 503186.00, '2022-02-26 09:51:23'),
(3, 2, '2021', 180203.00, 314163.00, 151780.00, 342586.00, '2022-03-19 04:00:20'),
(4, 3, '2021', 172186.00, 136427.00, 119500.00, 189113.00, '2021-05-27 08:27:14'),
(5, 4, '2021', 189113.00, 134400.00, 146539.00, 176974.00, '2021-05-27 08:27:19'),
(6, 5, '2021', 176974.00, 146120.00, 170680.00, 152414.00, '2021-06-25 03:36:50'),
(7, 6, '2021', 152414.00, 172653.00, 267003.00, 58064.00, '2021-07-20 16:29:36'),
(8, 7, '2021', 58064.00, 652000.00, 689055.00, 21009.00, '2023-07-13 12:27:09'),
(9, 8, '2021', 15009.00, 274173.00, 213238.00, 75944.00, '2021-09-22 04:27:50'),
(10, 9, '2021', 75944.00, 190000.00, 222533.00, 43411.00, '2021-10-19 02:30:41'),
(11, 10, '2021', 43411.00, 248250.00, 228925.00, 62736.00, '2021-11-19 02:17:40'),
(12, 11, '2021', 62736.00, 233200.00, 249304.00, 46632.00, '2021-12-18 13:56:17'),
(13, 12, '2021', 46632.00, 185150.00, 359927.00, -128145.00, '2022-01-20 04:11:38'),
(14, 1, '2022', -128145.00, 0.00, 209585.00, -337730.00, '2022-02-15 03:38:44'),
(15, 2, '2022', -337730.00, 0.00, 173662.00, -511392.00, '2022-03-16 13:56:58'),
(16, 3, '2022', -511392.00, 0.00, 0.00, -511392.00, '2022-03-21 15:20:30');

-- --------------------------------------------------------

--
-- Table structure for table `water_expenses`
--

CREATE TABLE `water_expenses` (
  `id` int NOT NULL,
  `month_expenses` int NOT NULL,
  `year_expenses` year NOT NULL,
  `electricity_bill` decimal(20,2) NOT NULL DEFAULT '0.00',
  `operator_salary` decimal(20,2) NOT NULL DEFAULT '0.00',
  `manager_salary` decimal(20,2) NOT NULL DEFAULT '0.00',
  `light_expenses` decimal(20,2) NOT NULL DEFAULT '0.00',
  `other_expenses` decimal(20,2) NOT NULL DEFAULT '0.00',
  `other_expenses_details` varchar(1000) DEFAULT NULL,
  `total_expenses` decimal(20,2) NOT NULL DEFAULT '0.00',
  `ts` timestamp NOT NULL DEFAULT CURRENT_TIMESTAMP ON UPDATE CURRENT_TIMESTAMP
) ENGINE=MyISAM DEFAULT CHARSET=utf8mb3;

--
-- Dumping data for table `water_expenses`
--

INSERT INTO `water_expenses` (`id`, `month_expenses`, `year_expenses`, `electricity_bill`, `operator_salary`, `manager_salary`, `light_expenses`, `other_expenses`, `other_expenses_details`, `total_expenses`, `ts`) VALUES
(1, 1, '2021', 53494.00, 25000.00, 5000.00, 3000.00, 0.00, '<p><br></p>', 86494.00, '2021-05-27 08:28:21'),
(2, 2, '2021', 102480.00, 25000.00, 5000.00, 2500.00, 16800.00, '<p>Water Repairing Cost</p>', 151780.00, '2021-05-27 08:28:25'),
(3, 3, '2021', 84000.00, 25000.00, 5000.00, 1000.00, 4500.00, '<p><a href=\"Oil:500\">Oil: 500</a></p><p>Deroga: 4000</p><p><br></p>', 119500.00, '2021-05-27 08:28:30'),
(4, 4, '2021', 111539.00, 25000.00, 5000.00, 2000.00, 3000.00, '<p>Irrigation 3000</p>', 146539.00, '2021-05-27 08:28:35'),
(5, 5, '2021', 117910.00, 25000.00, 5000.00, 0.00, 22770.00, '<p>Pipe Welding and labor charges 10,000</p><p>Khati Rs.14,500</p>', 170680.00, '2021-06-25 03:36:50'),
(6, 6, '2021', 121503.00, 25000.00, 5000.00, 4500.00, 111000.00, '<p>New pipe purchased by Asghar Pathan paid by Rajoo 50,000</p><p>Light 1000+2000+1000+500 = 4500</p><p>Pankho 23000</p><p>welding pipe 3500</p><p>Irrigation 3000</p><p>New Pipe fitting 10,000</p>', 267003.00, '2021-07-20 16:29:36'),
(7, 7, '2021', 102955.00, 25000.00, 5000.00, 6000.00, 550100.00, '<p>Allah Rkhio for light 515,000/-</p><p>Pankho making 28,500</p><p>light 6,000</p><p>repairing 5,600</p><p>Molvi AHmed Difference 1,000</p>', 689055.00, '2021-08-17 13:18:05'),
(8, 8, '2021', 119738.00, 25000.00, 5000.00, 3500.00, 60000.00, '<p>50,000 for WAPDAÂ  file to Rehmatullah KhosoÂ </p><p>10,000 for WAPDAÂ  file to Rehmatullah KhosoÂ <br></p>', 213238.00, '2021-09-22 04:27:50'),
(9, 9, '2021', 120483.00, 25000.00, 5000.00, 0.00, 72050.00, '<p>22050 expenses</p><p>50000 kamal shah</p>', 222533.00, '2021-10-16 12:43:25'),
(10, 11, '2027', 0.00, 0.00, 0.00, 11111111.00, 11111.00, NULL, 0.00, '2024-06-24 20:07:47'),
(11, 10, '2021', 132275.00, 25000.00, 5000.00, 0.00, 66650.00, '', 228925.00, '2021-11-19 02:17:40'),
(12, 11, '2021', 176114.00, 25000.00, 5000.00, 0.00, 43190.00, '<p>Khati 16,000</p><p>Maintenance 25190&nbsp;</p><p>meter wapda 2000</p>', 249304.00, '2021-12-11 05:16:09'),
(13, 12, '2021', 164027.00, 25000.00, 5000.00, 0.00, 165900.00, '<p class=\"MsoNormal\" style=\"margin-bottom:0cm;margin-bottom:.0001pt;line-height:\r\nnormal\"><br></p>', 359927.00, '2022-01-20 04:11:38'),
(14, 1, '2022', 158285.00, 25000.00, 5000.00, 0.00, 21300.00, '', 209585.00, '2022-02-15 03:38:44'),
(15, 2, '2022', 127662.00, 25000.00, 5000.00, 0.00, 16000.00, '<p>Foot valve 16000</p>', 173662.00, '2022-03-16 13:56:58'),
(16, 7, '2023', 50000.00, 15000.00, 0.00, 0.00, 0.00, '', 65000.00, '2023-07-13 12:27:56'),
(17, 1, '2022', 34.00, 435.00, 345.00, 345.00, 345.00, NULL, 1504.00, '2024-06-24 19:48:32'),
(18, 1, '2022', 1.00, 1.00, 1.00, 1.00, 1.00, NULL, 5.00, '2024-06-24 19:49:10'),
(19, 4, '2027', 16.00, 79.00, 76.00, 27.00, 31.00, NULL, 229.00, '2024-06-24 19:50:40'),
(20, 1, '2022', 1.00, 2.00, 3.00, 4.00, 5.00, NULL, 15.00, '2024-06-24 19:51:05'),
(21, 1, '2022', 12.00, 12.00, 12.00, 12.00, 12.00, NULL, 60.00, '2024-06-24 19:52:46'),
(22, 1, '2022', 3.00, 33.00, 3.00, 3.00, 3.00, NULL, 45.00, '2024-06-24 19:53:11'),
(23, 1, '2022', 2.00, 2.00, 2.00, 2.00, 2.00, NULL, 10.00, '2024-06-24 19:56:19'),
(24, 1, '2022', 23.00, 23.00, 23.00, 23.00, 23.00, NULL, 115.00, '2024-06-24 19:56:38'),
(25, 1, '2022', 2.00, 3.00, 3.00, 2.00, 3.00, NULL, 13.00, '2024-06-24 19:57:17'),
(26, 1, '2022', 123.00, 123.00, 123.00, 123.00, 123.00, NULL, 615.00, '2024-06-24 19:59:20'),
(27, 1, '2022', 1.00, 2.00, 22.00, 2.00, 2.00, NULL, 29.00, '2024-06-24 20:04:30'),
(28, 1, '2022', 2.00, 2.00, 22.00, 2.00, 233333333.00, NULL, 233333361.00, '2024-06-24 20:05:42'),
(29, 11, '2027', 1.00, 1.00, 1.00, 1.00, 1.00, NULL, 5.00, '2024-06-25 18:24:36'),
(30, 11, '2027', 1.00, 1.00, 1.00, 1.00, 1.00, NULL, 5.00, '2024-06-25 18:25:01'),
(31, 11, '2027', 1.00, 1.00, 1.00, 1.00, 1.00, NULL, 5.00, '2024-06-25 18:26:59'),
(32, 11, '2027', 1.00, 1.00, 1.00, 1.00, 1.00, NULL, 5.00, '2024-06-25 18:36:49'),
(33, 11, '2027', 11.00, 1.00, 1.00, 1.00, 1.00, NULL, 15.00, '2024-06-25 18:41:40'),
(34, 12, '2022', 23.00, 23.00, 23.00, 23.00, 23.00, NULL, 115.00, '2024-07-05 19:18:02');

-- --------------------------------------------------------

--
-- Table structure for table `water_users`
--

CREATE TABLE `water_users` (
  `id` int NOT NULL,
  `user_name` varchar(300) CHARACTER SET utf8mb3 COLLATE utf8mb3_unicode_ci NOT NULL,
  `user_mobile` varchar(20) DEFAULT '0',
  `water_hours` decimal(10,2) NOT NULL DEFAULT '0.00',
  `status` int NOT NULL DEFAULT '1',
  `ts` timestamp NOT NULL DEFAULT CURRENT_TIMESTAMP ON UPDATE CURRENT_TIMESTAMP
) ENGINE=MyISAM DEFAULT CHARSET=utf8mb3;

--
-- Dumping data for table `water_users`
--

INSERT INTO `water_users` (`id`, `user_name`, `user_mobile`, `water_hours`, `status`, `ts`) VALUES
(1, 'Mr. Ahmed Ali Halepotosss', '0000000', 3.00, 1, '2024-07-05 14:25:42'),
(2, 'Mr. Basheer Ahmed Halepoto s', '0', 2.50, 1, '2024-07-05 14:13:28'),
(3, 'Mr. Juman Halepoto ', '0313-331-2430', 1.00, 1, '2021-05-27 05:10:33'),
(4, 'Mr. Mehar Ali Halepoto ', '0333-263-3272', 16.75, 1, '2022-02-26 09:53:39'),
(5, 'Mr. Asad Halepoto ', '0303-265-8732', 3.75, 1, '2021-05-27 05:10:33'),
(6, 'Mr. Sadiq Halepoto ', '0321-330-2911', 10.75, 1, '2021-05-27 05:10:33'),
(7, 'Mr. Akhtar Khan Pathan ', '0347-935-2348', 12.75, 1, '2021-05-27 05:10:33'),
(8, 'Mr. Wali Muhammad Halepoto ', '0347-217-4175', 5.50, 1, '2021-05-27 08:42:31'),
(9, 'Mr. Mir Babar ', '0303-338-2051', 3.75, 1, '2021-05-27 05:10:33'),
(11, 'Mr. Umer Shaikh ', '0312-338-6375', 8.50, 1, '2022-02-26 09:52:54'),
(12, 'Mr. Jan Muhammad Halepoto ', '0316-301-6874', 1.50, 1, '2021-05-27 05:10:33'),
(13, 'Mr. Syed Manzoor Shah ', '0344-113-8721', 3.75, 1, '2021-07-20 16:32:26'),
(14, 'Mr. Syed Akram Shah ', '0346-246-7118', 2.50, 1, '2021-05-27 05:10:33'),
(15, 'Mr. Syed Noor Muhammad Shah ', '0301-359-6101', 0.75, 1, '2021-05-27 05:10:33'),
(16, 'Mr. Syed Seral Shah ', '03058375484', 0.50, 1, '2021-07-20 17:05:17'),
(17, 'Mr. Syed Roshan Shah', '0332-299-1216', 0.75, 1, '2021-05-27 05:10:33'),
(18, 'Mr. Mashooque Ali Halepoto ', '0306-335-0620', 2.50, 1, '2021-05-27 05:10:33'),
(19, 'Mr. Syed Ghulam Nabi Shah ', '0305-848-9465', 12.25, 1, '2022-02-26 09:55:18'),
(20, 'Mr. Syed Sattar Shah ', '0333-264-7938', 1.25, 1, '2021-05-27 05:10:33'),
(21, 'Mr. Ashfaque Halepoto ', '0331-332-7883', 3.75, 1, '2021-05-27 08:41:57'),
(22, 'Mr. Arif Halepoto ', '0302-913-8294', 4.75, 1, '2021-10-19 02:33:07'),
(23, 'Mr. Sajan Halepoto ', '0300-303-2304', 4.50, 1, '2021-05-27 05:10:33'),
(24, 'Mr. Mahmood Halepoto ', '0300-324-5526', 4.25, 1, '2021-05-27 05:10:33'),
(25, 'Mr. Syed Muhammad Ali Shah ', '0332-112-6804', 2.50, 1, '2022-01-20 02:16:45'),
(26, 'Mr. Inayat Khoso ', '0300-379-1084', 11.50, 1, '2021-05-27 05:10:33'),
(27, 'Mr. Haji Allah Dino Shaikh ', '0300-307-4391', 2.25, 1, '2021-05-27 05:10:33'),
(28, 'Mr. Man Shaikh ', '0', 5.50, 1, '2021-05-27 08:43:35'),
(29, 'Mr. Foji Shaikh ', '0301-150-3194', 6.50, 1, '2021-05-27 06:34:19'),
(30, 'Mr. Haq Nawaz Shaikh ', '0302-397-1221', 4.00, 1, '2021-05-27 05:10:34'),
(31, 'Mr. Ghulam Hyder Shaikh ', '0', 3.00, 1, '2021-05-27 05:10:34'),
(32, 'Mr. Allah Bux Babar', '03104870887', 1.50, 1, '2021-07-20 17:04:05'),
(33, 'Mr. Sher Shaikh ', '0', 0.00, 0, '2021-05-27 08:44:00'),
(34, 'Mr. Babloo Shaikh ', '03482103424', 0.00, 0, '2021-07-20 17:06:54'),
(35, 'Mr. Haji Waris Shaikh ', '0', 0.00, 0, '2021-05-27 05:10:34'),
(36, 'Mr. Hakim Babr ', '0303-355-9689', 0.00, 0, '2021-05-27 05:10:34'),
(37, 'Mr. Syed Guddu Shah', '0300-837-6110', 2.00, 1, '2021-05-27 05:10:34'),
(38, 'Mr. Molvi Ahmed ', '0123-456-7890', 6.00, 1, '2021-07-20 16:32:46'),
(39, 'Mr. Usama', '0300-333-9554', 0.00, 0, '2021-12-18 13:59:03'),
(42, 'Aijaz Shaikh', '', 0.50, 1, '2022-02-26 09:53:15'),
(40, 'Nadeem Memon', '0300-342-1294', 4.50, 1, '2022-01-20 02:17:04'),
(41, 'Syed Saleem Shah', '0301-267-5007', 1.50, 1, '2022-01-20 02:17:22'),
(43, 'Usama Shaikh', '0300-333-9554', 2.00, 1, '2022-06-15 09:34:44'),
(57, 'rao bilal', '03063917208', 10.00, 1, '2024-07-05 12:51:24'),
(58, 'rao bilals', '12312', 12.00, 1, '2024-07-05 12:53:59'),
(59, 'rao bilal', '23', 2.00, 1, '2024-07-05 12:59:22');

-- --------------------------------------------------------

--
-- Table structure for table `water_user_payments`
--

CREATE TABLE `water_user_payments` (
  `id` int NOT NULL,
  `user_id` int NOT NULL,
  `payment_month` int NOT NULL,
  `payment_year` year NOT NULL,
  `water_hours` decimal(10,2) NOT NULL DEFAULT '0.00',
  `water_rate` decimal(10,2) NOT NULL DEFAULT '0.00',
  `water_current_bill` decimal(20,2) NOT NULL DEFAULT '0.00',
  `water_khati` decimal(20,2) NOT NULL DEFAULT '0.00',
  `water_total_bill` decimal(20,2) NOT NULL DEFAULT '0.00',
  `received_amount` decimal(20,2) NOT NULL DEFAULT '0.00',
  `received_date` date DEFAULT NULL,
  `payment_received` int NOT NULL DEFAULT '0',
  `payment_remarks` varchar(500) DEFAULT NULL,
  `ts` timestamp NOT NULL DEFAULT CURRENT_TIMESTAMP ON UPDATE CURRENT_TIMESTAMP,
  `outstandings` int DEFAULT NULL,
  `remaining` int DEFAULT NULL,
  `nt` int DEFAULT NULL
) ENGINE=MyISAM DEFAULT CHARSET=utf8mb3;

-- --------------------------------------------------------

--
-- Table structure for table `water_user_payments_status`
--

CREATE TABLE `water_user_payments_status` (
  `id` int NOT NULL,
  `user_id` int NOT NULL,
  `user_outstanding_amount` decimal(20,2) NOT NULL DEFAULT '0.00',
  `ts` timestamp NOT NULL DEFAULT CURRENT_TIMESTAMP ON UPDATE CURRENT_TIMESTAMP
) ENGINE=MyISAM DEFAULT CHARSET=utf8mb3;

--
-- Dumping data for table `water_user_payments_status`
--

INSERT INTO `water_user_payments_status` (`id`, `user_id`, `user_outstanding_amount`, `ts`) VALUES
(1, 1, 0.00, '2023-07-13 12:27:09'),
(2, 2, 27797.50, '2023-07-13 12:26:01'),
(3, 3, 10601.00, '2023-07-13 12:26:01'),
(4, 4, 88925.75, '2023-07-13 12:26:01'),
(5, 5, 21196.75, '2023-07-13 12:26:01'),
(6, 6, 63114.75, '2023-07-13 12:26:01'),
(7, 7, 97109.75, '2023-07-13 12:26:01'),
(8, 8, 46059.50, '2023-07-13 12:26:01'),
(9, 9, 37180.75, '2023-07-13 12:26:01'),
(10, 10, 10618.00, '2023-07-13 12:26:01'),
(11, 11, 36096.50, '2023-07-13 12:26:01'),
(12, 12, 8204.50, '2023-07-13 12:26:01'),
(13, 13, 48291.75, '2023-07-13 12:26:01'),
(14, 14, 20737.50, '2023-07-13 12:26:01'),
(15, 15, 9945.75, '2023-07-13 12:26:01'),
(16, 16, 7224.50, '2023-07-13 12:26:01'),
(17, 17, 11355.75, '2023-07-13 12:26:01'),
(18, 18, 20172.50, '2023-07-13 12:26:01'),
(19, 19, 65035.25, '2023-07-13 12:26:01'),
(20, 20, 8664.25, '2023-07-13 12:26:01'),
(21, 21, 19646.75, '2023-07-13 12:26:01'),
(22, 22, 28385.75, '2023-07-13 12:26:01'),
(23, 23, 36873.50, '2023-07-13 12:26:01'),
(24, 24, 32975.25, '2023-07-13 12:26:01'),
(25, 25, 48861.50, '2023-07-13 12:26:01'),
(26, 26, 81058.50, '2023-07-13 12:26:01'),
(27, 27, 15994.25, '2023-07-13 12:26:01'),
(28, 28, 40664.50, '2023-07-13 12:26:01'),
(29, 29, 36589.50, '2023-07-13 12:26:01'),
(30, 30, 31616.00, '2023-07-13 12:26:01'),
(31, 31, 22324.00, '2023-07-13 12:26:01'),
(32, 32, 7963.50, '2023-07-13 12:26:01'),
(33, 33, 8596.00, '2021-05-27 08:13:05'),
(34, 34, 1221.00, '2021-05-27 06:23:58'),
(35, 35, 0.00, '2021-05-27 09:44:43'),
(36, 36, 0.00, '2021-05-27 09:44:32'),
(37, 37, 16158.00, '2023-07-13 12:26:01'),
(38, 38, 31854.00, '2023-07-13 12:26:01'),
(39, 39, 6000.00, '2021-08-24 04:57:05'),
(40, 40, 38755.50, '2023-07-13 12:26:01'),
(41, 41, 9818.50, '2023-07-13 12:26:01'),
(42, 42, 3254.50, '2023-07-13 12:26:01'),
(43, 43, 10618.00, '2023-07-13 12:26:01'),
(44, 44, 9763.50, '2023-07-13 12:26:01');

-- --------------------------------------------------------

--
-- Table structure for table `water_user_payments_status_history`
--

CREATE TABLE `water_user_payments_status_history` (
  `id` int NOT NULL,
  `payments_id` int NOT NULL,
  `user_id` int NOT NULL,
  `payment_month` int NOT NULL,
  `payment_year` year NOT NULL,
  `user_total_bill` decimal(20,2) NOT NULL DEFAULT '0.00',
  `user_received_amount` decimal(20,2) NOT NULL DEFAULT '0.00',
  `user_remaining_amount` decimal(20,2) NOT NULL DEFAULT '0.00',
  `user_outstanding_amount` decimal(20,2) NOT NULL DEFAULT '0.00',
  `user_balance_amount` decimal(20,2) NOT NULL DEFAULT '0.00',
  `ts` timestamp NOT NULL DEFAULT CURRENT_TIMESTAMP ON UPDATE CURRENT_TIMESTAMP
) ENGINE=MyISAM DEFAULT CHARSET=utf8mb3;

--
-- Dumping data for table `water_user_payments_status_history`
--

INSERT INTO `water_user_payments_status_history` (`id`, `payments_id`, `user_id`, `payment_month`, `payment_year`, `user_total_bill`, `user_received_amount`, `user_remaining_amount`, `user_outstanding_amount`, `user_balance_amount`, `ts`) VALUES
(1, 1, 1, 1, '2021', 4071.00, 0.00, 17936.00, 22007.00, 0.00, '2021-05-27 08:38:53'),
(2, 2, 2, 1, '2021', 3393.00, 0.00, 0.00, 3393.00, 0.00, '2021-05-27 08:38:53'),
(3, 3, 3, 1, '2021', 1357.00, 2000.00, 2462.00, 1819.00, 0.00, '2022-01-13 03:24:02'),
(4, 4, 4, 1, '2021', 26801.00, 26000.00, 0.00, 801.00, 0.00, '2021-05-27 08:38:53'),
(5, 5, 5, 1, '2021', 5089.00, 7000.00, 2854.00, 943.00, 0.00, '2021-05-27 08:38:53'),
(6, 6, 6, 1, '2021', 14588.00, 11000.00, 12520.00, 16108.00, 0.00, '2022-01-19 04:50:45'),
(7, 7, 7, 1, '2021', 17302.00, 8000.00, 13137.00, 22439.00, 0.00, '2022-01-16 08:01:37'),
(8, 8, 8, 1, '2021', 5767.00, 0.00, 11295.00, 17062.00, 0.00, '2022-01-13 03:25:24'),
(9, 9, 9, 1, '2021', 5089.00, 10000.00, 19659.00, 14748.00, 0.00, '2022-01-15 08:12:32'),
(10, 10, 10, 1, '2021', 2714.00, 2884.00, 200.00, 30.00, 0.00, '2022-01-19 04:51:14'),
(11, 11, 11, 1, '2021', 12213.00, 12213.00, 500.00, 500.00, 0.00, '2022-01-13 03:26:37'),
(12, 12, 12, 1, '2021', 2036.00, 2000.00, 3396.00, 3432.00, 0.00, '2022-01-13 03:27:11'),
(13, 13, 13, 1, '2021', 14762.00, 10000.00, 19970.00, 24732.00, 0.00, '2022-01-19 04:51:34'),
(14, 14, 14, 1, '2021', 3785.00, 0.00, 8390.00, 12175.00, 0.00, '2022-01-19 04:51:49'),
(15, 15, 15, 1, '2021', 1136.00, 1000.00, 5241.00, 5377.00, 0.00, '2022-01-19 04:52:39'),
(16, 16, 16, 1, '2021', 757.00, 0.00, 3755.00, 4512.00, 0.00, '2022-01-20 02:12:59'),
(17, 17, 17, 1, '2021', 1136.00, 0.00, 0.00, 1136.00, 0.00, '2021-05-27 08:38:53'),
(18, 18, 18, 1, '2021', 3785.00, 4000.00, 8275.00, 8060.00, 0.00, '2021-05-27 08:38:53'),
(19, 19, 19, 1, '2021', 20818.00, 21568.00, 4420.00, 3670.00, 0.00, '2022-01-13 03:27:56'),
(20, 20, 20, 1, '2021', 1893.00, 0.00, 1698.00, 3591.00, 0.00, '2021-05-27 08:38:53'),
(21, 21, 21, 1, '2021', 6107.00, 6000.00, 125.00, 232.00, 0.00, '2022-01-13 03:28:26'),
(22, 22, 22, 1, '2021', 5767.00, 8000.00, 6325.00, 4092.00, 0.00, '2022-01-13 03:30:55'),
(23, 23, 23, 1, '2021', 5468.00, 5000.00, 20818.00, 21286.00, 0.00, '2022-01-13 03:31:49'),
(24, 24, 24, 1, '2021', 5164.00, 4000.00, 19739.00, 20903.00, 0.00, '2022-01-13 03:32:11'),
(25, 25, 25, 1, '2021', 10328.00, 0.00, 49189.00, 59517.00, 0.00, '2022-01-13 11:32:59'),
(26, 26, 26, 1, '2021', 13973.00, 13973.00, 28750.00, 28750.00, 0.00, '2022-01-13 03:33:58'),
(27, 27, 27, 1, '2021', 2734.00, 3000.00, 250.00, 0.00, 16.00, '2021-05-27 08:38:53'),
(28, 28, 28, 1, '2021', 4860.00, 5000.00, 12630.00, 12490.00, 0.00, '2022-01-13 03:34:25'),
(29, 29, 29, 1, '2021', 7594.00, 7000.00, 2876.00, 3470.00, 0.00, '2022-01-13 03:34:48'),
(30, 30, 30, 1, '2021', 4860.00, 4000.00, 5600.00, 6460.00, 0.00, '2022-01-13 03:35:18'),
(31, 31, 31, 1, '2021', 3645.00, 14000.00, 10642.00, 287.00, 0.00, '2021-05-27 08:38:53'),
(32, 32, 32, 1, '2021', 1823.00, 3000.00, 0.00, 0.00, 1177.00, '2022-01-13 03:35:59'),
(33, 33, 33, 1, '2021', 1068.00, 0.00, 5128.00, 6196.00, 0.00, '2021-05-27 08:38:53'),
(34, 34, 34, 1, '2021', 1068.00, 5000.00, 5153.00, 1221.00, 0.00, '2021-05-27 08:38:53'),
(35, 35, 37, 1, '2021', 2430.00, 4000.00, 2000.00, 430.00, 0.00, '2021-05-27 08:38:53'),
(36, 36, 1, 2, '2021', 2400.00, 2400.00, 22007.00, 22007.00, 0.00, '2021-05-27 08:39:15'),
(37, 37, 2, 2, '2021', 2000.00, 5800.00, 3393.00, 0.00, 407.00, '2021-05-27 08:39:15'),
(38, 38, 3, 2, '2021', 800.00, 2000.00, 1162.00, 0.00, 38.00, '2021-05-27 08:39:15'),
(39, 39, 4, 2, '2021', 15800.00, 16601.00, 0.00, 0.00, 801.00, '2022-02-15 03:27:03'),
(40, 40, 5, 2, '2021', 3000.00, 2000.00, 1788.00, 2788.00, 0.00, '2022-02-15 03:27:19'),
(41, 41, 6, 2, '2021', 8600.00, 10000.00, 9543.00, 8143.00, 0.00, '2022-02-15 03:27:44'),
(42, 42, 7, 2, '2021', 10200.00, 15000.00, 18920.00, 14120.00, 0.00, '2022-02-15 03:28:01'),
(43, 43, 8, 2, '2021', 3400.00, 14000.00, 21445.00, 10845.00, 0.00, '2021-05-27 08:39:15'),
(44, 44, 9, 2, '2021', 3000.00, 4000.00, 15772.00, 14772.00, 0.00, '2022-02-15 03:28:41'),
(45, 45, 10, 2, '2021', 1600.00, 0.00, 0.00, 1560.00, 0.00, '2022-02-15 03:29:01'),
(46, 46, 11, 2, '2021', 7200.00, 7200.00, 0.00, 0.00, 0.00, '2021-05-27 08:39:15'),
(47, 47, 12, 2, '2021', 1200.00, 3000.00, 2246.00, 446.00, 0.00, '2021-05-27 08:39:15'),
(48, 48, 13, 2, '2021', 7800.00, 12562.00, 21083.00, 16321.00, 0.00, '2022-02-26 09:50:48'),
(49, 49, 14, 2, '2021', 2000.00, 4000.00, 7465.00, 5465.00, 0.00, '2022-02-26 09:51:23'),
(50, 50, 15, 2, '2021', 600.00, 0.00, 2126.00, 2726.00, 0.00, '2021-05-27 08:39:15'),
(51, 51, 16, 2, '2021', 400.00, 0.00, 3570.00, 3970.00, 0.00, '2022-02-15 03:29:45'),
(52, 52, 17, 2, '2021', 600.00, 0.00, 1136.00, 1736.00, 0.00, '2021-05-27 08:39:15'),
(53, 53, 18, 2, '2021', 2000.00, 2000.00, 6900.00, 6900.00, 0.00, '2022-02-15 03:30:23'),
(54, 54, 19, 2, '2021', 11000.00, 0.00, 11833.00, 22833.00, 0.00, '2022-02-15 03:30:48'),
(55, 55, 20, 2, '2021', 1000.00, 0.00, 0.00, 764.00, 0.00, '2022-02-15 03:31:10'),
(56, 56, 21, 2, '2021', 3600.00, 5000.00, 1238.00, 0.00, 162.00, '2022-02-15 03:31:33'),
(57, 57, 22, 2, '2021', 3400.00, 0.00, 4068.00, 7468.00, 0.00, '2022-02-15 03:31:51'),
(58, 58, 23, 2, '2021', 3600.00, 4000.00, 12883.00, 12483.00, 0.00, '2022-02-15 03:32:15'),
(59, 59, 24, 2, '2021', 3400.00, 4000.00, 10412.00, 9812.00, 0.00, '2022-02-15 03:32:38'),
(60, 60, 25, 2, '2021', 6800.00, 0.00, 25789.00, 32589.00, 0.00, '2022-02-15 03:33:14'),
(61, 61, 26, 2, '2021', 9200.00, 9200.00, 0.00, 0.00, 0.00, '2021-05-27 08:39:15'),
(62, 62, 27, 2, '2021', 1800.00, 2000.00, 0.00, 0.00, 216.00, '2021-05-27 08:39:15'),
(63, 63, 28, 2, '2021', 3600.00, 5000.00, 14265.00, 12865.00, 0.00, '2022-02-15 03:33:49'),
(64, 64, 29, 2, '2021', 5200.00, 7500.00, 3081.00, 781.00, 0.00, '2022-02-15 03:34:18'),
(65, 65, 30, 2, '2021', 3200.00, 4500.00, 6880.00, 5580.00, 0.00, '2022-02-15 03:34:37'),
(66, 66, 31, 2, '2021', 2400.00, 0.00, 397.00, 2797.00, 0.00, '2022-02-15 03:34:55'),
(67, 67, 32, 2, '2021', 1200.00, 0.00, 323.00, 1523.00, 0.00, '2021-05-27 08:39:15'),
(68, 68, 33, 2, '2021', 800.00, 0.00, 6196.00, 6996.00, 0.00, '2021-05-27 08:39:15'),
(69, 69, 37, 2, '2021', 1600.00, 2000.00, 430.00, 30.00, 0.00, '2021-05-27 08:39:15'),
(70, 70, 1, 3, '2021', 2400.00, 0.00, 22007.00, 24407.00, 0.00, '2021-05-27 08:39:49'),
(71, 71, 2, 3, '2021', 2000.00, 0.00, 12525.00, 14525.00, 0.00, '2022-03-05 10:25:23'),
(72, 72, 3, 3, '2021', 800.00, 0.00, 0.00, 762.00, 0.00, '2021-05-27 08:39:49'),
(73, 73, 4, 3, '2021', 15800.00, 16000.00, 0.00, 0.00, 200.00, '2021-05-27 08:39:49'),
(74, 74, 5, 3, '2021', 3000.00, 4943.00, 1943.00, 0.00, 0.00, '2021-05-27 08:39:49'),
(75, 75, 6, 3, '2021', 8600.00, 10000.00, 7443.00, 6043.00, 0.00, '2022-03-16 13:34:45'),
(76, 76, 7, 3, '2021', 10200.00, 20000.00, 12162.00, 2362.00, 0.00, '2021-05-27 08:39:49'),
(77, 77, 8, 3, '2021', 3400.00, 0.00, 10845.00, 14245.00, 0.00, '2021-05-27 08:39:49'),
(78, 78, 9, 3, '2021', 3000.00, 0.00, 14272.00, 17272.00, 0.00, '2022-03-16 13:36:15'),
(79, 79, 10, 3, '2021', 1600.00, 3200.00, 0.00, 0.00, 1600.00, '2022-03-16 13:36:55'),
(80, 80, 11, 3, '2021', 7200.00, 7200.00, 0.00, 0.00, 0.00, '2021-05-27 08:39:49'),
(81, 81, 12, 3, '2021', 1200.00, 1600.00, 641.00, 241.00, 0.00, '2022-03-16 13:37:29'),
(82, 82, 13, 3, '2021', 7800.00, 0.00, 20583.00, 28383.00, 0.00, '2022-03-16 13:38:20'),
(83, 83, 14, 3, '2021', 2000.00, 0.00, 5465.00, 7465.00, 0.00, '2022-03-16 13:38:50'),
(84, 84, 15, 3, '2021', 600.00, 0.00, 5364.00, 5964.00, 0.00, '2022-03-16 13:39:36'),
(85, 85, 16, 3, '2021', 400.00, 0.00, 2055.00, 2455.00, 0.00, '2021-05-27 08:39:49'),
(86, 86, 17, 3, '2021', 600.00, 1000.00, 1736.00, 1336.00, 0.00, '2021-05-27 08:39:49'),
(87, 87, 18, 3, '2021', 2000.00, 2000.00, 6900.00, 6900.00, 0.00, '2022-03-19 03:59:34'),
(88, 88, 19, 3, '2021', 11000.00, 22000.00, 6533.00, 0.00, 4467.00, '2022-03-16 13:40:17'),
(89, 89, 20, 3, '2021', 1000.00, 0.00, 4591.00, 5591.00, 0.00, '2021-05-27 08:39:49'),
(90, 90, 21, 3, '2021', 3600.00, 3500.00, 0.00, 0.00, 162.00, '2022-03-04 02:24:53'),
(91, 91, 22, 3, '2021', 3400.00, 5000.00, 4768.00, 3168.00, 0.00, '2022-03-19 04:00:20'),
(92, 92, 23, 3, '2021', 3600.00, 3500.00, 12883.00, 12983.00, 0.00, '2022-03-16 13:55:50'),
(93, 93, 24, 3, '2021', 3400.00, 3500.00, 10512.00, 10412.00, 0.00, '2022-03-16 13:41:30'),
(94, 94, 25, 3, '2021', 6800.00, 0.00, 59689.00, 66489.00, 0.00, '2021-05-27 08:39:49'),
(95, 95, 26, 3, '2021', 9200.00, 9200.00, 20005.00, 20005.00, 0.00, '2022-03-16 13:42:19'),
(96, 96, 27, 3, '2021', 1800.00, 1584.00, 3833.00, 4049.00, 0.00, '2022-03-16 13:43:15'),
(97, 97, 28, 3, '2021', 3600.00, 5000.00, 12865.00, 11465.00, 0.00, '2022-03-16 13:45:15'),
(98, 98, 29, 3, '2021', 5200.00, 6000.00, 2881.00, 2081.00, 0.00, '2022-03-16 13:46:44'),
(99, 99, 30, 3, '2021', 3200.00, 3500.00, 533.00, 233.00, 0.00, '2021-05-27 08:39:49'),
(100, 100, 31, 3, '2021', 2400.00, 5000.00, 2687.00, 87.00, 0.00, '2021-05-27 08:39:49'),
(101, 101, 32, 3, '2021', 1200.00, 2700.00, 55.00, 0.00, 1445.00, '2022-03-07 13:55:34'),
(102, 102, 33, 3, '2021', 800.00, 0.00, 6996.00, 7796.00, 0.00, '2021-05-27 08:39:49'),
(103, 103, 37, 3, '2021', 1600.00, 0.00, 30.00, 1630.00, 0.00, '2021-05-27 08:39:49'),
(104, 104, 1, 4, '2021', 2400.00, 5000.00, 24407.00, 21807.00, 0.00, '2021-05-27 08:40:19'),
(105, 105, 2, 4, '2021', 2000.00, 0.00, 1593.00, 3593.00, 0.00, '2021-05-27 08:40:19'),
(106, 106, 3, 4, '2021', 800.00, 0.00, 762.00, 1562.00, 0.00, '2021-05-27 08:40:19'),
(107, 107, 4, 4, '2021', 15800.00, 15500.00, 0.00, 100.00, 0.00, '2021-05-27 08:40:19'),
(108, 108, 5, 4, '2021', 3000.00, 1500.00, 0.00, 1500.00, 0.00, '2021-05-27 08:40:19'),
(109, 109, 6, 4, '2021', 8600.00, 10000.00, 2595.00, 1195.00, 0.00, '2021-05-27 08:40:19'),
(110, 110, 7, 4, '2021', 10200.00, 0.00, 2362.00, 12562.00, 0.00, '2021-05-27 08:40:19'),
(111, 111, 8, 4, '2021', 3400.00, 10000.00, 14245.00, 7645.00, 0.00, '2021-05-27 08:40:19'),
(112, 112, 9, 4, '2021', 3000.00, 0.00, 13609.00, 16609.00, 0.00, '2021-05-27 08:40:19'),
(113, 113, 10, 4, '2021', 1600.00, 1600.00, 0.00, 0.00, 0.00, '2021-05-27 08:40:19'),
(114, 114, 11, 4, '2021', 7200.00, 7200.00, 0.00, 0.00, 0.00, '2021-05-27 08:40:19'),
(115, 115, 12, 4, '2021', 1200.00, 0.00, 46.00, 1246.00, 0.00, '2021-05-27 08:40:19'),
(116, 116, 13, 4, '2021', 7800.00, 15600.00, 7800.00, 0.00, 0.00, '2021-05-27 08:40:19'),
(117, 117, 14, 4, '2021', 2000.00, 3000.00, 10125.00, 9125.00, 0.00, '2021-05-27 08:40:19'),
(118, 118, 15, 4, '2021', 600.00, 1000.00, 3326.00, 2926.00, 0.00, '2021-05-27 08:40:19'),
(119, 119, 16, 4, '2021', 400.00, 0.00, 2455.00, 2855.00, 0.00, '2021-05-27 08:40:19'),
(120, 120, 17, 4, '2021', 600.00, 1000.00, 1336.00, 936.00, 0.00, '2021-05-27 08:40:19'),
(121, 121, 18, 4, '2021', 2000.00, 3000.00, 8060.00, 7060.00, 0.00, '2021-05-27 08:40:19'),
(122, 122, 19, 4, '2021', 11000.00, 0.00, 0.00, 11000.00, 0.00, '2021-05-27 08:40:19'),
(123, 123, 20, 4, '2021', 1000.00, 0.00, 5591.00, 6591.00, 0.00, '2021-05-27 08:40:19'),
(124, 124, 21, 4, '2021', 3600.00, 3500.00, 257.00, 357.00, 0.00, '2021-05-27 08:40:19'),
(125, 125, 22, 4, '2021', 3400.00, 0.00, 9250.00, 12650.00, 0.00, '2021-05-27 08:40:19'),
(126, 126, 23, 4, '2021', 3600.00, 3500.00, 168.00, 268.00, 0.00, '2021-05-27 08:40:19'),
(127, 127, 24, 4, '2021', 3400.00, 2000.00, 589.00, 1989.00, 0.00, '2021-05-27 08:40:19'),
(128, 128, 25, 4, '2021', 6800.00, 25000.00, 66489.00, 48289.00, 0.00, '2021-05-27 08:40:19'),
(129, 129, 26, 4, '2021', 9200.00, 9200.00, 0.00, 0.00, 0.00, '2021-05-27 08:40:19'),
(130, 130, 27, 4, '2021', 1800.00, 1800.00, 0.00, 0.00, 0.00, '2021-05-27 08:40:19'),
(131, 131, 28, 4, '2021', 12091.00, 3000.00, 3239.00, 12330.00, 0.00, '2021-05-27 08:40:19'),
(132, 132, 29, 4, '2021', 5200.00, 6000.00, 3626.00, 2826.00, 0.00, '2021-05-27 08:40:19'),
(133, 133, 30, 4, '2021', 3200.00, 3000.00, 233.00, 433.00, 0.00, '2021-05-27 08:40:19'),
(134, 134, 31, 4, '2021', 2400.00, 0.00, 87.00, 2487.00, 0.00, '2021-05-27 08:40:19'),
(135, 135, 32, 4, '2021', 1200.00, 0.00, 23.00, 1223.00, 0.00, '2021-05-27 08:40:19'),
(136, 136, 33, 4, '2021', 800.00, 0.00, 7796.00, 8596.00, 0.00, '2021-05-27 08:40:19'),
(137, 137, 37, 4, '2021', 1600.00, 3000.00, 1630.00, 230.00, 0.00, '2021-05-27 08:40:19'),
(138, 138, 1, 5, '2021', 2400.00, 0.00, 21807.00, 24207.00, 0.00, '2021-05-27 08:47:06'),
(139, 139, 2, 5, '2021', 2000.00, 5500.00, 3593.00, 93.00, 0.00, '2021-05-27 08:52:59'),
(140, 140, 3, 5, '2021', 800.00, 2000.00, 1562.00, 362.00, 0.00, '2021-06-25 03:21:10'),
(141, 141, 4, 5, '2021', 14200.00, 14300.00, 100.00, 0.00, 0.00, '2021-05-27 08:53:20'),
(142, 142, 5, 5, '2021', 3000.00, 3000.00, 1500.00, 1500.00, 0.00, '2021-06-25 03:21:28'),
(143, 143, 6, 5, '2021', 8600.00, 5000.00, 1195.00, 4795.00, 0.00, '2021-06-25 03:22:06'),
(144, 144, 7, 5, '2021', 10200.00, 20000.00, 12562.00, 2762.00, 0.00, '2021-06-25 03:22:58'),
(145, 145, 8, 5, '2021', 4400.00, 0.00, 7645.00, 12045.00, 0.00, '2021-05-27 08:47:06'),
(146, 146, 9, 5, '2021', 3000.00, 4000.00, 16609.00, 15609.00, 0.00, '2021-06-25 03:24:16'),
(147, 147, 10, 5, '2021', 1600.00, 1600.00, 0.00, 0.00, 0.00, '2021-06-25 03:24:53'),
(148, 148, 11, 5, '2021', 7200.00, 7020.00, 0.00, 180.00, 0.00, '2021-06-25 03:25:24'),
(149, 149, 12, 5, '2021', 1200.00, 0.00, 1246.00, 2446.00, 0.00, '2021-05-27 08:47:06'),
(150, 150, 13, 5, '2021', 7800.00, 0.00, 0.00, 7800.00, 0.00, '2021-05-27 08:47:06'),
(151, 151, 14, 5, '2021', 2000.00, 0.00, 9125.00, 11125.00, 0.00, '2021-05-27 08:47:06'),
(152, 152, 15, 5, '2021', 600.00, 0.00, 2926.00, 3526.00, 0.00, '2021-05-27 08:47:06'),
(153, 153, 16, 5, '2021', 400.00, 0.00, 2855.00, 3255.00, 0.00, '2021-05-27 08:47:06'),
(154, 154, 17, 5, '2021', 600.00, 1000.00, 936.00, 536.00, 0.00, '2021-06-25 03:27:49'),
(155, 155, 18, 5, '2021', 2000.00, 3000.00, 7060.00, 6060.00, 0.00, '2021-06-25 03:28:51'),
(156, 156, 19, 5, '2021', 11000.00, 11000.00, 11000.00, 11000.00, 0.00, '2021-06-25 03:29:22'),
(157, 157, 20, 5, '2021', 1000.00, 0.00, 6591.00, 7591.00, 0.00, '2021-05-27 08:47:06'),
(158, 158, 21, 5, '2021', 3000.00, 4000.00, 357.00, 0.00, 643.00, '2021-05-30 05:08:20'),
(159, 159, 22, 5, '2021', 3000.00, 5000.00, 12650.00, 10650.00, 0.00, '2021-06-25 03:29:52'),
(160, 160, 23, 5, '2021', 3600.00, 3500.00, 268.00, 368.00, 0.00, '2021-06-25 03:30:18'),
(161, 161, 24, 5, '2021', 3400.00, 4000.00, 1989.00, 1389.00, 0.00, '2021-06-25 03:30:44'),
(162, 162, 25, 5, '2021', 6800.00, 15000.00, 48289.00, 40089.00, 0.00, '2021-05-27 08:54:57'),
(163, 163, 26, 5, '2021', 9200.00, 9200.00, 0.00, 0.00, 0.00, '2021-06-25 03:31:19'),
(164, 164, 27, 5, '2021', 1800.00, 1800.00, 0.00, 0.00, 0.00, '2021-06-25 03:31:46'),
(165, 165, 28, 5, '2021', 4400.00, 5000.00, 12330.00, 11730.00, 0.00, '2021-06-25 03:32:29'),
(166, 166, 29, 5, '2021', 5200.00, 6000.00, 2826.00, 2026.00, 0.00, '2021-06-25 03:32:58'),
(167, 167, 30, 5, '2021', 3200.00, 3500.00, 433.00, 133.00, 0.00, '2021-06-25 03:33:27'),
(168, 168, 31, 5, '2021', 2400.00, 4500.00, 2487.00, 387.00, 0.00, '2021-06-25 03:33:49'),
(169, 169, 32, 5, '2021', 1200.00, 0.00, 1223.00, 2423.00, 0.00, '2021-05-27 08:47:06'),
(170, 170, 37, 5, '2021', 1600.00, 0.00, 230.00, 1830.00, 0.00, '2021-05-27 08:47:06'),
(171, 171, 38, 5, '2021', 5600.00, 5600.00, 0.00, 0.00, 0.00, '2021-06-25 03:26:55'),
(172, 172, 39, 5, '2021', 1600.00, 1600.00, 0.00, 0.00, 0.00, '2021-06-01 04:33:08'),
(173, 173, 1, 6, '2021', 3250.00, 0.00, 24207.00, 27457.00, 0.00, '2021-06-25 03:39:24'),
(174, 174, 2, 6, '2021', 2700.00, 2793.00, 93.00, 0.00, 0.00, '2021-07-12 03:50:28'),
(175, 175, 3, 6, '2021', 1100.00, 0.00, 362.00, 1462.00, 0.00, '2021-06-25 03:39:45'),
(176, 176, 4, 6, '2021', 19250.00, 19250.00, 0.00, 0.00, 0.00, '2021-07-12 03:51:44'),
(177, 177, 5, 6, '2021', 4050.00, 5000.00, 1500.00, 550.00, 0.00, '2021-07-12 03:51:00'),
(178, 178, 6, 6, '2021', 11600.00, 10000.00, 4795.00, 6395.00, 0.00, '2021-07-12 04:26:56'),
(179, 179, 7, 6, '2021', 13750.00, 15000.00, 2762.00, 1512.00, 0.00, '2021-07-12 03:52:15'),
(180, 180, 8, 6, '2021', 6000.00, 10000.00, 12045.00, 8045.00, 0.00, '2021-07-20 16:26:59'),
(181, 181, 9, 6, '2021', 4050.00, 15000.00, 15609.00, 4659.00, 0.00, '2021-07-12 03:52:44'),
(182, 182, 10, 6, '2021', 2200.00, 2000.00, 0.00, 200.00, 0.00, '2021-07-12 03:53:25'),
(183, 183, 11, 6, '2021', 9700.00, 9880.00, 180.00, 0.00, 0.00, '2021-07-12 03:54:01'),
(184, 184, 12, 6, '2021', 1700.00, 3000.00, 2446.00, 1146.00, 0.00, '2021-07-12 04:43:31'),
(185, 185, 13, 6, '2021', 3350.00, 0.00, 7800.00, 11150.00, 0.00, '2021-06-25 03:41:34'),
(186, 186, 14, 6, '2021', 3050.00, 0.00, 11125.00, 14175.00, 0.00, '2021-06-25 03:41:50'),
(187, 187, 15, 6, '2021', 950.00, 0.00, 3526.00, 4476.00, 0.00, '2021-06-25 03:42:07'),
(188, 188, 16, 6, '2021', 650.00, 1000.00, 3255.00, 2905.00, 0.00, '2021-07-12 04:44:20'),
(189, 189, 17, 6, '2021', 950.00, 1000.00, 536.00, 486.00, 0.00, '2021-07-12 03:54:48'),
(190, 190, 18, 6, '2021', 3050.00, 3000.00, 6060.00, 6110.00, 0.00, '2021-07-12 04:45:15'),
(191, 191, 19, 6, '2021', 16650.00, 11000.00, 11000.00, 16650.00, 0.00, '2021-07-12 04:46:06'),
(192, 192, 20, 6, '2021', 1525.00, 10000.00, 7591.00, 0.00, 884.00, '2021-07-12 05:10:20'),
(193, 193, 21, 6, '2021', 4050.00, 4050.00, 0.00, 0.00, 0.00, '2021-07-12 03:56:22'),
(194, 194, 22, 6, '2021', 4050.00, 0.00, 10650.00, 14700.00, 0.00, '2021-06-25 03:46:42'),
(195, 195, 23, 6, '2021', 4650.00, 4500.00, 368.00, 518.00, 0.00, '2021-07-12 05:11:18'),
(196, 196, 24, 6, '2021', 4400.00, 4000.00, 1389.00, 1789.00, 0.00, '2021-07-12 05:12:07'),
(197, 197, 25, 6, '2021', 8800.00, 0.00, 40089.00, 48889.00, 0.00, '2021-06-25 03:47:12'),
(198, 198, 26, 6, '2021', 11900.00, 11900.00, 0.00, 0.00, 0.00, '2021-07-12 05:15:19'),
(199, 199, 27, 6, '2021', 2350.00, 2350.00, 0.00, 0.00, 0.00, '2021-07-12 03:56:57'),
(200, 200, 28, 6, '2021', 5700.00, 13000.00, 11730.00, 4430.00, 0.00, '2021-07-12 05:19:31'),
(201, 201, 29, 6, '2021', 6750.00, 7000.00, 2026.00, 1776.00, 0.00, '2021-07-12 05:19:57'),
(202, 202, 30, 6, '2021', 4150.00, 0.00, 133.00, 4283.00, 0.00, '2021-06-25 03:48:14'),
(203, 203, 31, 6, '2021', 3100.00, 0.00, 387.00, 3487.00, 0.00, '2021-06-25 03:48:28'),
(204, 204, 32, 6, '2021', 1600.00, 4000.00, 2423.00, 23.00, 0.00, '2021-07-12 03:57:29'),
(205, 205, 37, 6, '2021', 2100.00, 3930.00, 1830.00, 0.00, 0.00, '2021-07-16 03:08:03'),
(206, 206, 38, 6, '2021', 8500.00, 0.00, 0.00, 8500.00, 0.00, '2021-06-25 03:49:42'),
(207, 207, 39, 6, '2021', 2000.00, 0.00, 0.00, 2000.00, 0.00, '2021-06-25 03:38:40'),
(208, 208, 1, 7, '2021', 18000.00, 20000.00, 27457.00, 25457.00, 0.00, '2021-07-25 04:13:45'),
(209, 209, 2, 7, '2021', 15000.00, 2500.00, 0.00, 12500.00, 0.00, '2021-08-13 05:12:38'),
(210, 210, 3, 7, '2021', 6000.00, 0.00, 1462.00, 7462.00, 0.00, '2021-07-25 04:14:51'),
(211, 211, 4, 7, '2021', 106500.00, 106500.00, 0.00, 0.00, 0.00, '2021-08-16 04:41:49'),
(212, 212, 5, 7, '2021', 22500.00, 0.00, 550.00, 23050.00, 0.00, '2021-07-25 04:20:39'),
(213, 213, 6, 7, '2021', 64500.00, 65000.00, 6395.00, 5895.00, 0.00, '2021-08-13 05:13:11'),
(214, 214, 7, 7, '2021', 76500.00, 65000.00, 1512.00, 13012.00, 0.00, '2021-07-30 13:03:21'),
(215, 215, 8, 7, '2021', 33000.00, 20000.00, 8045.00, 21045.00, 0.00, '2021-07-29 14:08:39'),
(216, 216, 9, 7, '2021', 22500.00, 0.00, 4659.00, 27159.00, 0.00, '2021-07-25 04:26:50'),
(217, 217, 10, 7, '2021', 12000.00, 10000.00, 200.00, 2200.00, 0.00, '2021-07-25 04:29:57'),
(218, 218, 11, 7, '2021', 54000.00, 54000.00, 0.00, 0.00, 0.00, '2021-08-13 05:13:46'),
(219, 219, 12, 7, '2021', 9000.00, 2000.00, 1146.00, 8146.00, 0.00, '2021-08-13 05:14:22'),
(220, 220, 13, 7, '2021', 22500.00, 0.00, 11150.00, 33650.00, 0.00, '2021-07-25 04:35:28'),
(221, 221, 14, 7, '2021', 15000.00, 0.00, 14175.00, 29175.00, 0.00, '2021-07-25 04:36:07'),
(222, 222, 15, 7, '2021', 4500.00, 0.00, 4476.00, 8976.00, 0.00, '2021-07-25 04:36:40'),
(223, 223, 16, 7, '2021', 3000.00, 0.00, 2905.00, 5905.00, 0.00, '2021-07-25 04:39:05'),
(224, 224, 17, 7, '2021', 4500.00, 0.00, 486.00, 4986.00, 0.00, '2021-07-25 04:39:42'),
(225, 225, 18, 7, '2021', 15000.00, 13500.00, 6110.00, 7610.00, 0.00, '2021-08-13 05:14:59'),
(226, 226, 19, 7, '2021', 82500.00, 11000.00, 16650.00, 88150.00, 0.00, '2021-08-13 05:15:30'),
(227, 227, 20, 7, '2021', 7500.00, 7000.00, 0.00, 0.00, 384.00, '2021-09-01 10:39:15'),
(228, 228, 21, 7, '2021', 22500.00, 21000.00, 0.00, 1500.00, 0.00, '2021-08-16 04:52:31'),
(229, 229, 22, 7, '2021', 22500.00, 20000.00, 14700.00, 17200.00, 0.00, '2021-08-02 04:09:30'),
(230, 230, 23, 7, '2021', 27000.00, 5000.00, 518.00, 22518.00, 0.00, '2021-08-16 04:56:46'),
(231, 231, 24, 7, '2021', 25500.00, 2500.00, 1789.00, 24789.00, 0.00, '2021-08-13 05:17:09'),
(232, 232, 25, 7, '2021', 51000.00, 0.00, 48889.00, 99889.00, 0.00, '2021-07-25 04:44:44'),
(233, 233, 26, 7, '2021', 69000.00, 40250.00, 0.00, 28750.00, 0.00, '2021-08-13 05:18:36'),
(234, 234, 27, 7, '2021', 13500.00, 27250.00, 0.00, 0.00, 13750.00, '2021-08-16 04:53:42'),
(235, 235, 28, 7, '2021', 33000.00, 18500.00, 4430.00, 18930.00, 0.00, '2021-08-13 05:20:07'),
(236, 236, 29, 7, '2021', 39000.00, 29000.00, 1776.00, 11776.00, 0.00, '2021-08-13 05:20:31'),
(237, 237, 30, 7, '2021', 24000.00, 35000.00, 4283.00, 0.00, 6717.00, '2021-08-16 04:56:20'),
(238, 238, 31, 7, '2021', 18000.00, 19000.00, 3487.00, 2487.00, 0.00, '2021-07-28 05:47:38'),
(239, 239, 32, 7, '2021', 9000.00, 7500.00, 23.00, 1523.00, 0.00, '2021-08-13 05:21:18'),
(240, 240, 37, 7, '2021', 12000.00, 0.00, 0.00, 12000.00, 0.00, '2021-07-25 04:54:02'),
(241, 241, 38, 7, '2021', 36000.00, 44500.00, 8500.00, 0.00, 0.00, '2021-08-16 04:58:11'),
(242, 242, 39, 7, '2021', 12000.00, 0.00, 2000.00, 14000.00, 0.00, '2021-07-25 04:54:35'),
(243, 243, 1, 8, '2021', 3000.00, 0.00, 25457.00, 28457.00, 0.00, '2021-08-16 05:06:24'),
(244, 244, 2, 8, '2021', 2500.00, 2500.00, 12500.00, 12500.00, 0.00, '2021-09-12 14:16:54'),
(245, 245, 3, 8, '2021', 1000.00, 5000.00, 7462.00, 3462.00, 0.00, '2021-09-03 03:18:23'),
(246, 246, 4, 8, '2021', 17750.00, 17750.00, 0.00, 0.00, 0.00, '2021-08-26 13:09:59'),
(247, 247, 5, 8, '2021', 3750.00, 25000.00, 23050.00, 1800.00, 0.00, '2021-08-31 01:32:33'),
(248, 248, 6, 8, '2021', 10750.00, 0.00, 5895.00, 16645.00, 0.00, '2021-08-16 05:06:24'),
(249, 249, 7, 8, '2021', 12750.00, 25000.00, 13012.00, 762.00, 0.00, '2021-08-25 12:47:31'),
(250, 250, 8, 8, '2021', 5500.00, 0.00, 21045.00, 26545.00, 0.00, '2021-08-16 05:06:24'),
(251, 251, 9, 8, '2021', 3750.00, 10000.00, 27159.00, 20909.00, 0.00, '2021-09-12 14:17:30'),
(252, 252, 10, 8, '2021', 2000.00, 3000.00, 2200.00, 1200.00, 0.00, '2021-08-24 04:54:22'),
(253, 253, 11, 8, '2021', 9000.00, 9000.00, 0.00, 0.00, 0.00, '2021-08-24 04:54:56'),
(254, 254, 12, 8, '2021', 1500.00, 3000.00, 8146.00, 6646.00, 0.00, '2021-09-03 03:19:40'),
(255, 255, 13, 8, '2021', 3750.00, 10000.00, 33650.00, 27400.00, 0.00, '2021-08-17 12:48:58'),
(256, 256, 14, 8, '2021', 2500.00, 10000.00, 29175.00, 21675.00, 0.00, '2021-08-17 12:48:21'),
(257, 257, 15, 8, '2021', 750.00, 0.00, 8976.00, 9726.00, 0.00, '2021-08-16 05:06:24'),
(258, 258, 16, 8, '2021', 500.00, 0.00, 5905.00, 6405.00, 0.00, '2021-08-16 05:06:24'),
(259, 259, 17, 8, '2021', 750.00, 2000.00, 4986.00, 3736.00, 0.00, '2021-09-17 06:44:29'),
(260, 260, 18, 8, '2021', 2500.00, 3000.00, 7610.00, 7110.00, 0.00, '2021-09-12 14:18:50'),
(261, 261, 19, 8, '2021', 13750.00, 33150.00, 88150.00, 68750.00, 0.00, '2021-09-06 07:28:21'),
(262, 262, 20, 8, '2021', 1250.00, 0.00, 0.00, 866.00, 0.00, '2021-09-01 10:46:00'),
(263, 263, 21, 8, '2021', 3750.00, 5000.00, 1500.00, 250.00, 0.00, '2021-09-03 03:20:41'),
(264, 264, 22, 8, '2021', 3750.00, 0.00, 17200.00, 20950.00, 0.00, '2021-08-16 05:06:24'),
(265, 265, 23, 8, '2021', 4500.00, 5000.00, 22518.00, 22018.00, 0.00, '2021-09-13 03:18:14'),
(266, 266, 24, 8, '2021', 4250.00, 9000.00, 24789.00, 20039.00, 0.00, '2021-09-13 03:20:08'),
(267, 267, 25, 8, '2021', 8500.00, 20000.00, 99889.00, 88389.00, 0.00, '2021-08-17 12:49:26'),
(268, 268, 26, 8, '2021', 11500.00, 11500.00, 28750.00, 28750.00, 0.00, '2021-08-24 04:56:14'),
(269, 269, 27, 8, '2021', 2250.00, 2250.00, 0.00, 0.00, 13750.00, '2021-08-25 12:48:45'),
(270, 270, 28, 8, '2021', 5500.00, 5000.00, 18930.00, 19430.00, 0.00, '2021-09-13 03:19:05'),
(271, 271, 29, 8, '2021', 6500.00, 6000.00, 11776.00, 12276.00, 0.00, '2021-09-13 03:19:35'),
(272, 272, 30, 8, '2021', 4000.00, 4000.00, 0.00, 0.00, 0.00, '2021-09-13 03:17:02'),
(273, 273, 31, 8, '2021', 3000.00, 5000.00, 2487.00, 487.00, 0.00, '2021-09-17 06:46:53'),
(274, 274, 32, 8, '2021', 1500.00, 3023.00, 1523.00, 0.00, 0.00, '2021-09-22 04:26:35'),
(275, 275, 37, 8, '2021', 2000.00, 30000.00, 12000.00, 0.00, 16000.00, '2021-09-03 03:21:16'),
(276, 276, 38, 8, '2021', 6000.00, 0.00, 0.00, 6000.00, 0.00, '2021-08-16 05:06:24'),
(277, 277, 39, 8, '2021', 2000.00, 10000.00, 14000.00, 6000.00, 0.00, '2021-08-24 04:57:05'),
(278, 278, 1, 9, '2021', 3000.00, 0.00, 28457.00, 31457.00, 0.00, '2021-09-22 04:28:04'),
(279, 279, 2, 9, '2021', 2500.00, 2500.00, 12500.00, 12500.00, 0.00, '2021-10-08 11:12:52'),
(280, 280, 3, 9, '2021', 1000.00, 2500.00, 3462.00, 1962.00, 0.00, '2021-10-19 02:26:20'),
(281, 281, 4, 9, '2021', 19750.00, 19750.00, 0.00, 0.00, 0.00, '2021-10-08 11:13:24'),
(282, 282, 5, 9, '2021', 3750.00, 0.00, 1800.00, 5550.00, 0.00, '2021-09-22 04:28:04'),
(283, 283, 6, 9, '2021', 10750.00, 23000.00, 16645.00, 4395.00, 0.00, '2021-10-19 02:26:46'),
(284, 284, 7, 9, '2021', 12750.00, 10000.00, 762.00, 3512.00, 0.00, '2021-10-08 11:14:56'),
(285, 285, 8, 9, '2021', 5500.00, 10000.00, 26545.00, 22045.00, 0.00, '2021-10-19 02:27:09'),
(286, 286, 9, 9, '2021', 3750.00, 2000.00, 20909.00, 22659.00, 0.00, '2021-10-19 02:27:46'),
(287, 287, 10, 9, '2021', 2000.00, 2000.00, 1200.00, 1200.00, 0.00, '2021-10-08 11:15:57'),
(288, 288, 11, 9, '2021', 9000.00, 9000.00, 0.00, 0.00, 0.00, '2021-10-08 11:16:27'),
(289, 289, 12, 9, '2021', 1500.00, 3000.00, 6646.00, 5146.00, 0.00, '2021-10-19 02:29:00'),
(290, 290, 13, 9, '2021', 3750.00, 10000.00, 27400.00, 21150.00, 0.00, '2021-10-16 12:39:48'),
(291, 291, 14, 9, '2021', 2500.00, 10000.00, 21675.00, 14175.00, 0.00, '2021-10-16 12:40:22'),
(292, 292, 15, 9, '2021', 750.00, 0.00, 9726.00, 10476.00, 0.00, '2021-09-22 04:28:04'),
(293, 293, 16, 9, '2021', 500.00, 2000.00, 6405.00, 4905.00, 0.00, '2021-10-16 12:40:55'),
(294, 294, 17, 9, '2021', 750.00, 0.00, 3736.00, 4486.00, 0.00, '2021-09-22 04:28:04'),
(295, 295, 18, 9, '2021', 2500.00, 3000.00, 7110.00, 6610.00, 0.00, '2021-10-19 02:29:41'),
(296, 296, 19, 9, '2021', 13750.00, 13750.00, 68750.00, 68750.00, 0.00, '2021-10-08 11:17:35'),
(297, 297, 20, 9, '2021', 1250.00, 0.00, 866.00, 2116.00, 0.00, '2021-09-22 04:28:04'),
(298, 298, 21, 9, '2021', 3750.00, 4000.00, 250.00, 0.00, 0.00, '2021-10-08 11:18:18'),
(299, 299, 22, 9, '2021', 3750.00, 10000.00, 20950.00, 14700.00, 0.00, '2021-10-08 11:18:59'),
(300, 300, 23, 9, '2021', 4500.00, 5000.00, 22018.00, 21518.00, 0.00, '2021-10-08 11:19:41'),
(301, 301, 24, 9, '2021', 4250.00, 4000.00, 20039.00, 20289.00, 0.00, '2021-10-19 02:30:41'),
(302, 302, 25, 9, '2021', 8500.00, 10000.00, 88389.00, 86889.00, 0.00, '2021-10-08 11:20:18'),
(303, 303, 26, 9, '2021', 11500.00, 11500.00, 28750.00, 28750.00, 0.00, '2021-10-08 11:20:58'),
(304, 304, 27, 9, '2021', 2250.00, 0.00, 0.00, 0.00, 11500.00, '2021-09-22 04:28:04'),
(305, 305, 28, 9, '2021', 5500.00, 5000.00, 19430.00, 19930.00, 0.00, '2021-10-08 11:21:42'),
(306, 306, 29, 9, '2021', 6500.00, 6500.00, 12276.00, 12276.00, 0.00, '2021-10-08 11:22:18'),
(307, 307, 30, 9, '2021', 4000.00, 4000.00, 0.00, 0.00, 0.00, '2021-10-08 11:22:51'),
(308, 308, 31, 9, '2021', 3000.00, 0.00, 487.00, 3487.00, 0.00, '2021-09-22 04:28:04'),
(309, 309, 32, 9, '2021', 1500.00, 1500.00, 0.00, 0.00, 0.00, '2021-10-08 11:23:28'),
(310, 310, 37, 9, '2021', 2000.00, 0.00, 0.00, 0.00, 14000.00, '2021-09-22 04:28:04'),
(311, 311, 38, 9, '2021', 6000.00, 6000.00, 6000.00, 6000.00, 0.00, '2021-09-24 02:00:40'),
(312, 312, 39, 9, '2021', 0.00, 0.00, 6000.00, 6000.00, 0.00, '2021-09-22 04:28:04'),
(313, 313, 1, 10, '2021', 3000.00, 0.00, 31457.00, 34457.00, 0.00, '2021-10-19 02:33:34'),
(314, 314, 2, 10, '2021', 2500.00, 2500.00, 12500.00, 12500.00, 0.00, '2021-10-30 04:10:36'),
(315, 315, 3, 10, '2021', 1000.00, 0.00, 1962.00, 2962.00, 0.00, '2021-10-19 02:33:34'),
(316, 316, 4, 10, '2021', 18750.00, 18750.00, 0.00, 0.00, 0.00, '2021-10-30 04:11:15'),
(317, 317, 5, 10, '2021', 3750.00, 9000.00, 5550.00, 300.00, 0.00, '2021-11-10 03:15:29'),
(318, 318, 6, 10, '2021', 10750.00, 10000.00, 4395.00, 5145.00, 0.00, '2021-11-19 02:02:57'),
(319, 319, 7, 10, '2021', 12750.00, 5000.00, 3512.00, 11262.00, 0.00, '2021-11-19 02:03:32'),
(320, 320, 8, 10, '2021', 5500.00, 10000.00, 22045.00, 17545.00, 0.00, '2021-10-30 04:11:46'),
(321, 321, 9, 10, '2021', 3750.00, 6000.00, 22659.00, 20409.00, 0.00, '2021-11-19 02:04:10'),
(322, 322, 10, 10, '2021', 2000.00, 2000.00, 1200.00, 1200.00, 0.00, '2021-11-19 02:04:39'),
(323, 323, 11, 10, '2021', 9000.00, 9000.00, 0.00, 0.00, 0.00, '2021-10-30 04:12:22'),
(324, 324, 12, 10, '2021', 1500.00, 3000.00, 5146.00, 3646.00, 0.00, '2021-11-19 02:05:55'),
(325, 325, 13, 10, '2021', 3750.00, 0.00, 21150.00, 24900.00, 0.00, '2021-10-19 02:33:34'),
(326, 326, 14, 10, '2021', 2500.00, 0.00, 14175.00, 16675.00, 0.00, '2021-10-19 02:33:34'),
(327, 327, 15, 10, '2021', 750.00, 4000.00, 10476.00, 7226.00, 0.00, '2021-11-19 02:07:06'),
(328, 328, 16, 10, '2021', 500.00, 1000.00, 4905.00, 4405.00, 0.00, '2021-11-10 03:16:07'),
(329, 329, 17, 10, '2021', 750.00, 0.00, 4486.00, 5236.00, 0.00, '2021-10-19 02:33:34'),
(330, 330, 18, 10, '2021', 2500.00, 5000.00, 6610.00, 4110.00, 0.00, '2021-11-19 02:07:42'),
(331, 331, 19, 10, '2021', 13750.00, 65000.00, 68750.00, 17500.00, 0.00, '2021-11-10 03:16:42'),
(332, 332, 20, 10, '2021', 1250.00, 0.00, 2116.00, 3366.00, 0.00, '2021-10-19 02:33:34'),
(333, 333, 21, 10, '2021', 3750.00, 0.00, 0.00, 3750.00, 0.00, '2021-10-19 02:33:34'),
(334, 334, 22, 10, '2021', 4750.00, 10000.00, 14700.00, 9450.00, 0.00, '2021-11-10 03:17:11'),
(335, 335, 23, 10, '2021', 4500.00, 5000.00, 21518.00, 21018.00, 0.00, '2021-11-19 02:08:26'),
(336, 336, 24, 10, '2021', 4250.00, 5000.00, 20289.00, 19539.00, 0.00, '2021-11-19 02:08:52'),
(337, 337, 25, 10, '2021', 8500.00, 30000.00, 86889.00, 65389.00, 0.00, '2021-11-10 03:18:06'),
(338, 338, 26, 10, '2021', 11500.00, 11500.00, 28750.00, 28750.00, 0.00, '2021-10-30 04:14:00'),
(339, 339, 27, 10, '2021', 2250.00, 0.00, 0.00, 0.00, 9250.00, '2021-10-19 02:33:34'),
(340, 340, 28, 10, '2021', 5500.00, 13000.00, 19930.00, 12430.00, 0.00, '2021-10-30 04:14:33'),
(341, 341, 29, 10, '2021', 6500.00, 13000.00, 12276.00, 5776.00, 0.00, '2021-11-19 02:12:01'),
(342, 342, 30, 10, '2021', 4000.00, 4000.00, 0.00, 0.00, 0.00, '2021-11-19 02:12:47'),
(343, 343, 31, 10, '2021', 3000.00, 0.00, 3487.00, 6487.00, 0.00, '2021-10-19 02:33:34'),
(344, 344, 32, 10, '2021', 1500.00, 1500.00, 0.00, 0.00, 0.00, '2021-11-19 02:13:31'),
(345, 345, 37, 10, '2021', 2000.00, 0.00, 0.00, 0.00, 12000.00, '2021-10-19 02:33:34'),
(346, 346, 38, 10, '2021', 6000.00, 5000.00, 6000.00, 7000.00, 0.00, '2021-10-30 04:15:03'),
(347, 347, 39, 10, '2021', 0.00, 0.00, 6000.00, 6000.00, 0.00, '2021-10-19 02:33:34'),
(348, 348, 1, 11, '2021', 3600.00, 12500.00, 34457.00, 25557.00, 0.00, '2021-12-06 02:54:50'),
(349, 349, 2, 11, '2021', 3000.00, 0.00, 12500.00, 15500.00, 0.00, '2021-11-19 02:14:39'),
(350, 350, 3, 11, '2021', 1200.00, 0.00, 2962.00, 4162.00, 0.00, '2021-11-19 02:14:39'),
(351, 351, 4, 11, '2021', 22500.00, 22500.00, 0.00, 0.00, 0.00, '2021-12-04 06:49:05'),
(352, 352, 5, 11, '2021', 4500.00, 4000.00, 300.00, 800.00, 0.00, '2021-12-04 06:49:34'),
(353, 353, 6, 11, '2021', 12900.00, 10000.00, 5145.00, 8045.00, 0.00, '2021-12-04 06:49:59'),
(354, 354, 7, 11, '2021', 15300.00, 20000.00, 11262.00, 6562.00, 0.00, '2021-12-04 12:05:48'),
(355, 355, 8, 11, '2021', 6600.00, 10000.00, 17545.00, 14145.00, 0.00, '2021-12-04 06:50:30'),
(356, 356, 9, 11, '2021', 4500.00, 0.00, 20409.00, 24909.00, 0.00, '2021-11-19 02:14:39'),
(357, 357, 10, 11, '2021', 2400.00, 3000.00, 1200.00, 600.00, 0.00, '2021-12-04 12:07:12'),
(358, 358, 11, 11, '2021', 10800.00, 7000.00, 0.00, 3800.00, 0.00, '2021-12-04 12:05:11'),
(359, 359, 12, 11, '2021', 1800.00, 3000.00, 3646.00, 2446.00, 0.00, '2021-12-11 05:09:38'),
(360, 360, 13, 11, '2021', 4500.00, 10000.00, 24900.00, 19400.00, 0.00, '2021-12-18 08:04:17'),
(361, 361, 14, 11, '2021', 3000.00, 10000.00, 16675.00, 9675.00, 0.00, '2021-12-18 08:01:26'),
(362, 362, 15, 11, '2021', 900.00, 2000.00, 7226.00, 6126.00, 0.00, '2021-12-18 13:56:17'),
(363, 363, 16, 11, '2021', 600.00, 1000.00, 4405.00, 4005.00, 0.00, '2021-12-18 08:02:02'),
(364, 364, 17, 11, '2021', 900.00, 0.00, 5236.00, 6136.00, 0.00, '2021-11-19 02:14:39'),
(365, 365, 18, 11, '2021', 3000.00, 3000.00, 4110.00, 4110.00, 0.00, '2021-12-18 08:03:01'),
(366, 366, 19, 11, '2021', 16500.00, 25000.00, 17500.00, 9000.00, 0.00, '2021-12-04 06:52:32'),
(367, 367, 20, 11, '2021', 1500.00, 5000.00, 3366.00, 0.00, 134.00, '2021-12-18 08:02:32'),
(368, 368, 21, 11, '2021', 4500.00, 8000.00, 3750.00, 250.00, 0.00, '2021-12-04 06:53:14'),
(369, 369, 22, 11, '2021', 5700.00, 10000.00, 9450.00, 5150.00, 0.00, '2021-12-11 05:11:31'),
(370, 370, 23, 11, '2021', 5400.00, 5500.00, 21018.00, 20918.00, 0.00, '2021-12-11 05:12:11'),
(371, 371, 24, 11, '2021', 5100.00, 5000.00, 19539.00, 19639.00, 0.00, '2021-12-11 05:12:51'),
(372, 372, 25, 11, '2021', 10200.00, 17400.00, 65389.00, 58189.00, 0.00, '2021-12-05 04:01:39'),
(373, 373, 26, 11, '2021', 13800.00, 13800.00, 28750.00, 28750.00, 0.00, '2021-12-04 12:08:25'),
(374, 374, 27, 11, '2021', 2700.00, 0.00, 0.00, 0.00, 6550.00, '2021-11-19 02:14:39'),
(375, 375, 28, 11, '2021', 6600.00, 7000.00, 12430.00, 12030.00, 0.00, '2021-12-05 04:02:22'),
(376, 376, 29, 11, '2021', 7800.00, 10500.00, 5776.00, 3076.00, 0.00, '2021-12-11 05:14:24'),
(377, 377, 30, 11, '2021', 4800.00, 0.00, 0.00, 4800.00, 0.00, '2021-11-19 02:14:39'),
(378, 378, 31, 11, '2021', 3600.00, 0.00, 6487.00, 10087.00, 0.00, '2021-11-19 02:14:39'),
(379, 379, 32, 11, '2021', 1800.00, 0.00, 0.00, 1800.00, 0.00, '2021-11-19 02:14:39'),
(380, 380, 37, 11, '2021', 2400.00, 0.00, 0.00, 0.00, 9600.00, '2021-11-19 02:14:39'),
(381, 381, 38, 11, '2021', 7200.00, 8000.00, 7000.00, 6200.00, 0.00, '2021-12-05 05:56:40'),
(382, 382, 39, 11, '2021', 0.00, 0.00, 6000.00, 6000.00, 0.00, '2021-11-19 02:14:39'),
(383, 383, 1, 12, '2021', 3900.00, 0.00, 25557.00, 29457.00, 0.00, '2021-12-18 14:13:15'),
(384, 384, 2, 12, '2021', 3250.00, 0.00, 15500.00, 18750.00, 0.00, '2021-12-18 14:13:34'),
(385, 385, 3, 12, '2021', 1300.00, 3000.00, 4162.00, 2462.00, 0.00, '2022-01-13 03:24:02'),
(386, 386, 4, 12, '2021', 24050.00, 24050.00, 0.00, 0.00, 0.00, '2022-01-13 03:24:45'),
(387, 387, 5, 12, '2021', 4875.00, 5000.00, 800.00, 675.00, 0.00, '2021-12-21 05:05:33'),
(388, 388, 6, 12, '2021', 13975.00, 9500.00, 8045.00, 12520.00, 0.00, '2022-01-19 04:50:45'),
(389, 389, 7, 12, '2021', 16575.00, 10000.00, 6562.00, 13137.00, 0.00, '2022-01-16 08:01:37'),
(390, 390, 8, 12, '2021', 7150.00, 10000.00, 14145.00, 11295.00, 0.00, '2022-01-13 03:25:24'),
(391, 391, 9, 12, '2021', 4750.00, 10000.00, 24909.00, 19659.00, 0.00, '2022-01-15 08:12:32'),
(392, 392, 10, 12, '2021', 2600.00, 3000.00, 600.00, 200.00, 0.00, '2022-01-19 04:51:14'),
(393, 393, 11, 12, '2021', 11700.00, 15000.00, 3800.00, 500.00, 0.00, '2022-01-13 03:26:37'),
(394, 394, 12, 12, '2021', 1950.00, 1000.00, 2446.00, 3396.00, 0.00, '2022-01-13 03:27:11'),
(395, 395, 13, 12, '2021', 5570.00, 5000.00, 19400.00, 19970.00, 0.00, '2022-01-19 04:51:34'),
(396, 396, 14, 12, '2021', 3715.00, 5000.00, 9675.00, 8390.00, 0.00, '2022-01-19 04:51:49'),
(397, 397, 15, 12, '2021', 1115.00, 2000.00, 6126.00, 5241.00, 0.00, '2022-01-19 04:52:39'),
(398, 398, 16, 12, '2021', 750.00, 1000.00, 4005.00, 3755.00, 0.00, '2022-01-20 02:12:59'),
(399, 399, 17, 12, '2021', 1115.00, 0.00, 6136.00, 7251.00, 0.00, '2021-12-18 14:17:59'),
(400, 400, 18, 12, '2021', 3715.00, 0.00, 4110.00, 7825.00, 0.00, '2021-12-18 14:18:15'),
(401, 401, 19, 12, '2021', 20420.00, 25000.00, 9000.00, 4420.00, 0.00, '2022-01-13 03:27:56'),
(402, 402, 20, 12, '2021', 1860.00, 0.00, 0.00, 1726.00, 0.00, '2021-12-18 14:18:53'),
(403, 403, 21, 12, '2021', 4875.00, 5000.00, 250.00, 125.00, 0.00, '2022-01-13 03:28:26'),
(404, 404, 22, 12, '2021', 6175.00, 5000.00, 5150.00, 6325.00, 0.00, '2022-01-13 03:30:55'),
(405, 405, 23, 12, '2021', 5400.00, 5500.00, 20918.00, 20818.00, 0.00, '2022-01-13 03:31:49'),
(406, 406, 24, 12, '2021', 5100.00, 5000.00, 19639.00, 19739.00, 0.00, '2022-01-13 03:32:11'),
(407, 407, 25, 12, '2021', 4800.00, 13800.00, 58189.00, 49189.00, 0.00, '2022-01-13 11:32:59'),
(408, 408, 26, 12, '2021', 13800.00, 13800.00, 28750.00, 28750.00, 0.00, '2022-01-13 03:33:58'),
(409, 409, 27, 12, '2021', 2700.00, 0.00, 0.00, 0.00, 3850.00, '2021-12-18 14:01:50'),
(410, 410, 28, 12, '2021', 6600.00, 6000.00, 12030.00, 12630.00, 0.00, '2022-01-13 03:34:25'),
(411, 411, 29, 12, '2021', 7800.00, 8000.00, 3076.00, 2876.00, 0.00, '2022-01-13 03:34:48'),
(412, 412, 30, 12, '2021', 4800.00, 4000.00, 4800.00, 5600.00, 0.00, '2022-01-13 03:35:18'),
(413, 413, 31, 12, '2021', 3600.00, 11000.00, 10087.00, 2687.00, 0.00, '2021-12-21 05:06:08'),
(414, 414, 32, 12, '2021', 1800.00, 3600.00, 1800.00, 0.00, 0.00, '2022-01-13 03:35:59'),
(415, 415, 37, 12, '2021', 2400.00, 0.00, 0.00, 0.00, 7200.00, '2021-12-18 14:01:50'),
(416, 416, 38, 12, '2021', 7200.00, 13400.00, 6200.00, 0.00, 0.00, '2022-01-13 03:36:29'),
(417, 417, 40, 12, '2021', 2400.00, 0.00, 0.00, 2400.00, 0.00, '2021-12-18 14:01:50'),
(418, 418, 41, 12, '2021', 3000.00, 3000.00, 0.00, 0.00, 0.00, '2022-01-13 03:32:43'),
(419, 419, 1, 1, '2022', 4890.00, 15000.00, 29457.00, 19347.00, 0.00, '2022-01-21 02:52:39'),
(420, 420, 2, 1, '2022', 4075.00, 0.00, 18750.00, 22825.00, 0.00, '2022-01-20 03:03:59'),
(421, 421, 3, 1, '2022', 1630.00, 0.00, 2462.00, 4092.00, 0.00, '2022-01-20 03:04:08'),
(422, 422, 4, 1, '2022', 30563.00, 30563.00, 0.00, 0.00, 0.00, '2022-02-15 03:27:02'),
(423, 423, 5, 1, '2022', 6113.00, 5000.00, 675.00, 1788.00, 0.00, '2022-02-15 03:27:19'),
(424, 424, 6, 1, '2022', 17523.00, 20500.00, 12520.00, 9543.00, 0.00, '2022-02-15 03:27:44'),
(425, 425, 7, 1, '2022', 20783.00, 15000.00, 13137.00, 18920.00, 0.00, '2022-02-15 03:28:01'),
(426, 426, 8, 1, '2022', 8965.00, 10000.00, 11295.00, 10260.00, 0.00, '2022-01-24 03:58:36'),
(427, 427, 9, 1, '2022', 6113.00, 10000.00, 19659.00, 15772.00, 0.00, '2022-02-15 03:28:41'),
(428, 428, 10, 1, '2022', 3260.00, 3500.00, 200.00, 0.00, 40.00, '2022-02-15 03:29:01'),
(429, 429, 11, 1, '2022', 14670.00, 34400.00, 500.00, 0.00, 19230.00, '2022-01-26 03:01:47'),
(430, 430, 12, 1, '2022', 2445.00, 3000.00, 3396.00, 2841.00, 0.00, '2022-01-26 03:02:54'),
(431, 431, 13, 1, '2022', 6113.00, 5000.00, 19970.00, 21083.00, 0.00, '2022-02-26 09:50:48'),
(432, 432, 14, 1, '2022', 4075.00, 5000.00, 8390.00, 7465.00, 0.00, '2022-02-26 09:51:23'),
(433, 433, 15, 1, '2022', 1223.00, 0.00, 5241.00, 6464.00, 0.00, '2022-01-20 03:06:32'),
(434, 434, 16, 1, '2022', 815.00, 1000.00, 3755.00, 3570.00, 0.00, '2022-02-15 03:29:45'),
(435, 435, 17, 1, '2022', 1223.00, 2000.00, 7251.00, 6474.00, 0.00, '2022-01-24 03:57:07'),
(436, 436, 18, 1, '2022', 4075.00, 5000.00, 7825.00, 6900.00, 0.00, '2022-02-15 03:30:23'),
(437, 437, 19, 1, '2022', 22413.00, 15000.00, 4420.00, 11833.00, 0.00, '2022-02-15 03:30:48'),
(438, 438, 20, 1, '2022', 2038.00, 4000.00, 1726.00, 0.00, 236.00, '2022-02-15 03:31:10'),
(439, 439, 21, 1, '2022', 6113.00, 5000.00, 125.00, 1238.00, 0.00, '2022-02-15 03:31:33'),
(440, 440, 22, 1, '2022', 7743.00, 10000.00, 6325.00, 4068.00, 0.00, '2022-02-15 03:31:51'),
(441, 441, 23, 1, '2022', 7065.00, 15000.00, 20818.00, 12883.00, 0.00, '2022-02-15 03:32:15'),
(442, 442, 24, 1, '2022', 6673.00, 16000.00, 19739.00, 10412.00, 0.00, '2022-02-15 03:32:38'),
(443, 443, 25, 1, '2022', 4100.00, 27500.00, 49189.00, 25789.00, 0.00, '2022-02-15 03:33:14'),
(444, 444, 26, 1, '2022', 18055.00, 26800.00, 28750.00, 20005.00, 0.00, '2022-01-26 03:05:20'),
(445, 445, 27, 1, '2022', 3533.00, 0.00, 0.00, 3533.00, 0.00, '2022-01-20 03:09:12'),
(446, 446, 28, 1, '2022', 8635.00, 7000.00, 12630.00, 14265.00, 0.00, '2022-02-15 03:33:49'),
(447, 447, 29, 1, '2022', 10205.00, 10000.00, 2876.00, 3081.00, 0.00, '2022-02-15 03:34:18'),
(448, 448, 30, 1, '2022', 6280.00, 5000.00, 5600.00, 6880.00, 0.00, '2022-02-15 03:34:37'),
(449, 449, 31, 1, '2022', 4710.00, 7000.00, 2687.00, 397.00, 0.00, '2022-02-15 03:34:55'),
(450, 450, 32, 1, '2022', 2355.00, 0.00, 0.00, 2355.00, 0.00, '2022-01-20 03:10:28'),
(451, 451, 37, 1, '2022', 3140.00, 0.00, 0.00, 3140.00, 0.00, '2022-01-20 03:10:39'),
(452, 452, 38, 1, '2022', 9720.00, 9720.00, 0.00, 0.00, 0.00, '2022-02-15 03:35:19'),
(453, 453, 40, 1, '2022', 7065.00, 0.00, 2400.00, 9465.00, 0.00, '2022-01-28 13:14:21'),
(454, 454, 41, 1, '2022', 2355.00, 0.00, 0.00, 2355.00, 0.00, '2022-01-20 03:12:00'),
(455, 455, 1, 2, '2022', 3600.00, 0.00, 19347.00, 22947.00, 0.00, '2022-02-26 09:56:12'),
(456, 456, 2, 2, '2022', 3000.00, 13300.00, 22825.00, 12525.00, 0.00, '2022-03-05 10:25:23'),
(457, 457, 3, 2, '2022', 1200.00, 0.00, 4092.00, 5292.00, 0.00, '2022-02-26 09:56:12'),
(458, 458, 4, 2, '2022', 20100.00, 20100.00, 0.00, 0.00, 0.00, '2022-03-04 02:21:28'),
(459, 459, 5, 2, '2022', 4500.00, 5000.00, 1788.00, 1288.00, 0.00, '2022-02-28 03:09:32'),
(460, 460, 6, 2, '2022', 12900.00, 15000.00, 9543.00, 7443.00, 0.00, '2022-03-16 13:34:45'),
(461, 461, 7, 2, '2022', 15300.00, 0.00, 18920.00, 34220.00, 0.00, '2022-02-26 09:56:12'),
(462, 462, 8, 2, '2022', 6600.00, 0.00, 10260.00, 16860.00, 0.00, '2022-02-26 09:56:12'),
(463, 463, 9, 2, '2022', 4500.00, 6000.00, 15772.00, 14272.00, 0.00, '2022-03-16 13:36:15'),
(464, 464, 10, 2, '2022', 2400.00, 2400.00, 0.00, 0.00, 0.00, '2022-03-16 13:36:55'),
(465, 465, 11, 2, '2022', 10200.00, 0.00, 0.00, 0.00, 9030.00, '2022-02-26 09:56:12'),
(466, 466, 12, 2, '2022', 1800.00, 4000.00, 2841.00, 641.00, 0.00, '2022-03-16 13:37:29'),
(467, 467, 13, 2, '2022', 4500.00, 5000.00, 21083.00, 20583.00, 0.00, '2022-03-16 13:38:20'),
(468, 468, 14, 2, '2022', 3000.00, 5000.00, 7465.00, 5465.00, 0.00, '2022-03-16 13:38:50'),
(469, 469, 15, 2, '2022', 900.00, 2000.00, 6464.00, 5364.00, 0.00, '2022-03-16 13:39:36'),
(470, 470, 16, 2, '2022', 600.00, 0.00, 3570.00, 4170.00, 0.00, '2022-02-26 09:56:12'),
(471, 471, 17, 2, '2022', 900.00, 0.00, 6474.00, 7374.00, 0.00, '2022-02-26 09:56:12'),
(472, 472, 18, 2, '2022', 3000.00, 3000.00, 6900.00, 6900.00, 0.00, '2022-03-19 03:59:34'),
(473, 473, 19, 2, '2022', 14700.00, 20000.00, 11833.00, 6533.00, 0.00, '2022-03-16 13:40:17'),
(474, 474, 20, 2, '2022', 1500.00, 0.00, 0.00, 1264.00, 0.00, '2022-02-26 09:56:12'),
(475, 475, 21, 2, '2022', 4500.00, 6000.00, 1238.00, 0.00, 262.00, '2022-03-04 02:24:53'),
(476, 476, 22, 2, '2022', 5700.00, 5000.00, 4068.00, 4768.00, 0.00, '2022-03-19 04:00:20'),
(477, 477, 23, 2, '2022', 5400.00, 5400.00, 12883.00, 12883.00, 0.00, '2022-03-16 13:55:50'),
(478, 478, 24, 2, '2022', 5100.00, 5000.00, 10412.00, 10512.00, 0.00, '2022-03-16 13:41:30'),
(479, 479, 25, 2, '2022', 3000.00, 0.00, 25789.00, 28789.00, 0.00, '2022-02-26 09:56:12'),
(480, 480, 26, 2, '2022', 13800.00, 13800.00, 20005.00, 20005.00, 0.00, '2022-03-16 13:42:19'),
(481, 481, 27, 2, '2022', 2700.00, 2400.00, 3533.00, 3833.00, 0.00, '2022-03-16 13:43:15'),
(482, 482, 28, 2, '2022', 6600.00, 8000.00, 14265.00, 12865.00, 0.00, '2022-03-16 13:45:15'),
(483, 483, 29, 2, '2022', 7800.00, 8000.00, 3081.00, 2881.00, 0.00, '2022-03-16 13:46:44'),
(484, 484, 30, 2, '2022', 4800.00, 0.00, 6880.00, 11680.00, 0.00, '2022-02-26 09:56:12'),
(485, 485, 31, 2, '2022', 3600.00, 0.00, 397.00, 3997.00, 0.00, '2022-02-26 09:56:12'),
(486, 486, 32, 2, '2022', 1800.00, 4100.00, 2355.00, 55.00, 0.00, '2022-03-07 13:55:34'),
(487, 487, 37, 2, '2022', 2400.00, 0.00, 3140.00, 5540.00, 0.00, '2022-02-26 09:56:12'),
(488, 488, 38, 2, '2022', 7200.00, 7200.00, 0.00, 0.00, 0.00, '2022-03-04 02:25:50'),
(489, 489, 42, 2, '2022', 600.00, 0.00, 0.00, 600.00, 0.00, '2022-02-26 09:56:12'),
(490, 490, 40, 2, '2022', 5400.00, 0.00, 9465.00, 14865.00, 0.00, '2022-02-26 09:56:12'),
(491, 491, 41, 2, '2022', 1800.00, 2300.00, 2355.00, 1855.00, 0.00, '2022-03-16 13:47:59'),
(492, 492, 43, 2, '2022', 2400.00, 2400.00, 0.00, 0.00, 0.00, '2022-02-26 09:56:46'),
(493, 493, 44, 2, '2022', 1800.00, 0.00, 0.00, 1800.00, 0.00, '2022-02-26 09:56:12'),
(494, 494, 1, 3, '2022', 3327.00, 0.00, 22947.00, 26274.00, 0.00, '2022-03-21 15:20:30'),
(495, 495, 2, 3, '2022', 2772.50, 0.00, 12525.00, 15297.50, 0.00, '2022-03-21 15:20:30'),
(496, 496, 3, 3, '2022', 1109.00, 0.00, 5292.00, 6401.00, 0.00, '2022-03-21 15:20:30'),
(497, 497, 4, 3, '2022', 18575.75, 0.00, 0.00, 18575.75, 0.00, '2022-03-21 15:20:30'),
(498, 498, 5, 3, '2022', 4158.75, 0.00, 1288.00, 5446.75, 0.00, '2022-03-21 15:20:30'),
(499, 499, 6, 3, '2022', 11921.75, 0.00, 7443.00, 19364.75, 0.00, '2022-03-21 15:20:30'),
(500, 500, 7, 3, '2022', 14139.75, 0.00, 34220.00, 48359.75, 0.00, '2022-03-21 15:20:30'),
(501, 501, 8, 3, '2022', 6099.50, 0.00, 16860.00, 22959.50, 0.00, '2022-03-21 15:20:30'),
(502, 502, 9, 3, '2022', 4158.75, 0.00, 14272.00, 18430.75, 0.00, '2022-03-21 15:20:30'),
(503, 503, 10, 3, '2022', 2218.00, 0.00, 0.00, 2218.00, 0.00, '2022-03-21 15:20:30'),
(504, 504, 11, 3, '2022', 9426.50, 0.00, 0.00, 396.50, 0.00, '2022-03-21 15:20:30'),
(505, 505, 12, 3, '2022', 1663.50, 0.00, 641.00, 2304.50, 0.00, '2022-03-21 15:20:30'),
(506, 506, 13, 3, '2022', 4158.75, 0.00, 20583.00, 24741.75, 0.00, '2022-03-21 15:20:30'),
(507, 507, 14, 3, '2022', 2772.50, 0.00, 5465.00, 8237.50, 0.00, '2022-03-21 15:20:30'),
(508, 508, 15, 3, '2022', 831.75, 0.00, 5364.00, 6195.75, 0.00, '2022-03-21 15:20:30'),
(509, 509, 16, 3, '2022', 554.50, 0.00, 4170.00, 4724.50, 0.00, '2022-03-21 15:20:30'),
(510, 510, 17, 3, '2022', 831.75, 0.00, 7374.00, 8205.75, 0.00, '2022-03-21 15:20:30'),
(511, 511, 18, 3, '2022', 2772.50, 0.00, 6900.00, 9672.50, 0.00, '2022-03-21 15:20:30'),
(512, 512, 19, 3, '2022', 13585.25, 0.00, 6533.00, 20118.25, 0.00, '2022-03-21 15:20:30'),
(513, 513, 20, 3, '2022', 1386.25, 0.00, 1264.00, 2650.25, 0.00, '2022-03-21 15:20:30'),
(514, 514, 21, 3, '2022', 4158.75, 0.00, 0.00, 3896.75, 0.00, '2022-03-21 15:20:30'),
(515, 515, 22, 3, '2022', 5267.75, 0.00, 4768.00, 10035.75, 0.00, '2022-03-21 15:20:30'),
(516, 516, 23, 3, '2022', 4990.50, 0.00, 12883.00, 17873.50, 0.00, '2022-03-21 15:20:30'),
(517, 517, 24, 3, '2022', 4713.25, 0.00, 10512.00, 15225.25, 0.00, '2022-03-21 15:20:30'),
(518, 518, 25, 3, '2022', 2772.50, 0.00, 28789.00, 31561.50, 0.00, '2022-03-21 15:20:30'),
(519, 519, 26, 3, '2022', 12753.50, 0.00, 20005.00, 32758.50, 0.00, '2022-03-21 15:20:30'),
(520, 520, 27, 3, '2022', 2495.25, 0.00, 3833.00, 6328.25, 0.00, '2022-03-21 15:20:30'),
(521, 521, 28, 3, '2022', 6099.50, 0.00, 12865.00, 18964.50, 0.00, '2022-03-21 15:20:30'),
(522, 522, 29, 3, '2022', 7208.50, 0.00, 2881.00, 10089.50, 0.00, '2022-03-21 15:20:30'),
(523, 523, 30, 3, '2022', 4436.00, 0.00, 11680.00, 16116.00, 0.00, '2022-03-21 15:20:30'),
(524, 524, 31, 3, '2022', 3327.00, 0.00, 3997.00, 7324.00, 0.00, '2022-03-21 15:20:30'),
(525, 525, 32, 3, '2022', 1663.50, 0.00, 55.00, 1718.50, 0.00, '2022-03-21 15:20:30'),
(526, 526, 37, 3, '2022', 2218.00, 0.00, 5540.00, 7758.00, 0.00, '2022-03-21 15:20:30'),
(527, 527, 38, 3, '2022', 6654.00, 0.00, 0.00, 6654.00, 0.00, '2022-03-21 15:20:30'),
(528, 528, 42, 3, '2022', 554.50, 0.00, 600.00, 1154.50, 0.00, '2022-03-21 15:20:30'),
(529, 529, 40, 3, '2022', 4990.50, 0.00, 14865.00, 19855.50, 0.00, '2022-03-21 15:20:30'),
(530, 530, 41, 3, '2022', 1663.50, 0.00, 1855.00, 3518.50, 0.00, '2022-03-21 15:20:30'),
(531, 531, 43, 3, '2022', 2218.00, 0.00, 0.00, 2218.00, 0.00, '2022-03-21 15:20:30'),
(532, 532, 44, 3, '2022', 1663.50, 0.00, 1800.00, 3463.50, 0.00, '2022-03-21 15:20:30'),
(533, 533, 1, 4, '2022', 4500.00, 0.00, 0.00, 4500.00, 0.00, '2023-07-13 12:23:08'),
(534, 534, 2, 4, '2022', 3750.00, 0.00, 0.00, 3750.00, 0.00, '2023-07-13 12:23:08'),
(535, 535, 3, 4, '2022', 1500.00, 0.00, 0.00, 1500.00, 0.00, '2023-07-13 12:23:08'),
(536, 536, 4, 4, '2022', 25125.00, 0.00, 0.00, 25125.00, 0.00, '2023-07-13 12:23:08'),
(537, 537, 5, 4, '2022', 5625.00, 0.00, 0.00, 5625.00, 0.00, '2023-07-13 12:23:08'),
(538, 538, 6, 4, '2022', 16125.00, 0.00, 0.00, 16125.00, 0.00, '2023-07-13 12:23:08'),
(539, 539, 7, 4, '2022', 19125.00, 0.00, 0.00, 19125.00, 0.00, '2023-07-13 12:23:08'),
(540, 540, 8, 4, '2022', 8250.00, 0.00, 0.00, 8250.00, 0.00, '2023-07-13 12:23:08'),
(541, 541, 9, 4, '2022', 5625.00, 0.00, 0.00, 5625.00, 0.00, '2023-07-13 12:23:08'),
(542, 542, 10, 4, '2022', 3000.00, 0.00, 0.00, 3000.00, 0.00, '2023-07-13 12:23:08'),
(543, 543, 11, 4, '2022', 12750.00, 0.00, 0.00, 12750.00, 0.00, '2023-07-13 12:23:08'),
(544, 544, 12, 4, '2022', 2250.00, 0.00, 0.00, 2250.00, 0.00, '2023-07-13 12:23:08'),
(545, 545, 13, 4, '2022', 5625.00, 0.00, 0.00, 5625.00, 0.00, '2023-07-13 12:23:08'),
(546, 546, 14, 4, '2022', 3750.00, 0.00, 0.00, 3750.00, 0.00, '2023-07-13 12:23:08'),
(547, 547, 15, 4, '2022', 1125.00, 0.00, 0.00, 1125.00, 0.00, '2023-07-13 12:23:08'),
(548, 548, 16, 4, '2022', 750.00, 0.00, 0.00, 750.00, 0.00, '2023-07-13 12:23:08'),
(549, 549, 17, 4, '2022', 1125.00, 0.00, 0.00, 1125.00, 0.00, '2023-07-13 12:23:08'),
(550, 550, 18, 4, '2022', 3750.00, 0.00, 0.00, 3750.00, 0.00, '2023-07-13 12:23:08'),
(551, 551, 19, 4, '2022', 18375.00, 0.00, 0.00, 18375.00, 0.00, '2023-07-13 12:23:08'),
(552, 552, 20, 4, '2022', 1875.00, 0.00, 0.00, 1875.00, 0.00, '2023-07-13 12:23:08'),
(553, 553, 21, 4, '2022', 5625.00, 0.00, 0.00, 5625.00, 0.00, '2023-07-13 12:23:08'),
(554, 554, 22, 4, '2022', 7125.00, 0.00, 0.00, 7125.00, 0.00, '2023-07-13 12:23:08'),
(555, 555, 23, 4, '2022', 6750.00, 0.00, 0.00, 6750.00, 0.00, '2023-07-13 12:23:08'),
(556, 556, 24, 4, '2022', 6375.00, 0.00, 0.00, 6375.00, 0.00, '2023-07-13 12:23:08'),
(557, 557, 25, 4, '2022', 3750.00, 0.00, 0.00, 3750.00, 0.00, '2023-07-13 12:23:08'),
(558, 558, 26, 4, '2022', 17250.00, 0.00, 0.00, 17250.00, 0.00, '2023-07-13 12:23:08'),
(559, 559, 27, 4, '2022', 3375.00, 0.00, 0.00, 3375.00, 0.00, '2023-07-13 12:23:08'),
(560, 560, 28, 4, '2022', 8250.00, 0.00, 0.00, 8250.00, 0.00, '2023-07-13 12:23:08'),
(561, 561, 29, 4, '2022', 9750.00, 0.00, 0.00, 9750.00, 0.00, '2023-07-13 12:23:08'),
(562, 562, 30, 4, '2022', 6000.00, 0.00, 0.00, 6000.00, 0.00, '2023-07-13 12:23:08'),
(563, 563, 31, 4, '2022', 4500.00, 0.00, 0.00, 4500.00, 0.00, '2023-07-13 12:23:08'),
(564, 564, 32, 4, '2022', 2250.00, 0.00, 0.00, 2250.00, 0.00, '2023-07-13 12:23:08');
INSERT INTO `water_user_payments_status_history` (`id`, `payments_id`, `user_id`, `payment_month`, `payment_year`, `user_total_bill`, `user_received_amount`, `user_remaining_amount`, `user_outstanding_amount`, `user_balance_amount`, `ts`) VALUES
(565, 565, 37, 4, '2022', 3000.00, 0.00, 0.00, 3000.00, 0.00, '2023-07-13 12:23:08'),
(566, 566, 38, 4, '2022', 9000.00, 0.00, 0.00, 9000.00, 0.00, '2023-07-13 12:23:08'),
(567, 567, 42, 4, '2022', 750.00, 0.00, 0.00, 750.00, 0.00, '2023-07-13 12:23:08'),
(568, 568, 40, 4, '2022', 6750.00, 0.00, 0.00, 6750.00, 0.00, '2023-07-13 12:23:08'),
(569, 569, 41, 4, '2022', 2250.00, 0.00, 0.00, 2250.00, 0.00, '2023-07-13 12:23:08'),
(570, 570, 43, 4, '2022', 3000.00, 0.00, 0.00, 3000.00, 0.00, '2023-07-13 12:23:08'),
(571, 571, 44, 4, '2022', 2250.00, 0.00, 0.00, 2250.00, 0.00, '2023-07-13 12:23:08'),
(572, 572, 1, 5, '2022', 3600.00, 0.00, 0.00, 3600.00, 0.00, '2023-07-13 12:25:37'),
(573, 573, 2, 5, '2022', 3000.00, 0.00, 0.00, 3000.00, 0.00, '2023-07-13 12:25:37'),
(574, 574, 3, 5, '2022', 1200.00, 0.00, 0.00, 1200.00, 0.00, '2023-07-13 12:25:37'),
(575, 575, 4, 5, '2022', 20100.00, 0.00, 0.00, 20100.00, 0.00, '2023-07-13 12:25:37'),
(576, 576, 5, 5, '2022', 4500.00, 0.00, 0.00, 4500.00, 0.00, '2023-07-13 12:25:37'),
(577, 577, 6, 5, '2022', 12900.00, 0.00, 0.00, 12900.00, 0.00, '2023-07-13 12:25:37'),
(578, 578, 7, 5, '2022', 15300.00, 0.00, 0.00, 15300.00, 0.00, '2023-07-13 12:25:37'),
(579, 579, 8, 5, '2022', 6600.00, 0.00, 0.00, 6600.00, 0.00, '2023-07-13 12:25:37'),
(580, 580, 9, 5, '2022', 4500.00, 0.00, 0.00, 4500.00, 0.00, '2023-07-13 12:25:37'),
(581, 581, 10, 5, '2022', 2400.00, 0.00, 0.00, 2400.00, 0.00, '2023-07-13 12:25:37'),
(582, 582, 11, 5, '2022', 10200.00, 0.00, 0.00, 10200.00, 0.00, '2023-07-13 12:25:37'),
(583, 583, 12, 5, '2022', 1800.00, 0.00, 0.00, 1800.00, 0.00, '2023-07-13 12:25:37'),
(584, 584, 13, 5, '2022', 4500.00, 0.00, 0.00, 4500.00, 0.00, '2023-07-13 12:25:37'),
(585, 585, 14, 5, '2022', 3000.00, 0.00, 0.00, 3000.00, 0.00, '2023-07-13 12:25:37'),
(586, 586, 15, 5, '2022', 900.00, 0.00, 0.00, 900.00, 0.00, '2023-07-13 12:25:37'),
(587, 587, 16, 5, '2022', 600.00, 0.00, 0.00, 600.00, 0.00, '2023-07-13 12:25:37'),
(588, 588, 17, 5, '2022', 900.00, 0.00, 0.00, 900.00, 0.00, '2023-07-13 12:25:37'),
(589, 589, 18, 5, '2022', 3000.00, 0.00, 0.00, 3000.00, 0.00, '2023-07-13 12:25:37'),
(590, 590, 19, 5, '2022', 14700.00, 0.00, 0.00, 14700.00, 0.00, '2023-07-13 12:25:37'),
(591, 591, 20, 5, '2022', 1500.00, 0.00, 0.00, 1500.00, 0.00, '2023-07-13 12:25:37'),
(592, 592, 21, 5, '2022', 4500.00, 0.00, 0.00, 4500.00, 0.00, '2023-07-13 12:25:37'),
(593, 593, 22, 5, '2022', 5700.00, 0.00, 0.00, 5700.00, 0.00, '2023-07-13 12:25:37'),
(594, 594, 23, 5, '2022', 5400.00, 0.00, 0.00, 5400.00, 0.00, '2023-07-13 12:25:37'),
(595, 595, 24, 5, '2022', 5100.00, 0.00, 0.00, 5100.00, 0.00, '2023-07-13 12:25:37'),
(596, 596, 25, 5, '2022', 3000.00, 0.00, 0.00, 3000.00, 0.00, '2023-07-13 12:25:37'),
(597, 597, 26, 5, '2022', 13800.00, 0.00, 0.00, 13800.00, 0.00, '2023-07-13 12:25:37'),
(598, 598, 27, 5, '2022', 2700.00, 0.00, 0.00, 2700.00, 0.00, '2023-07-13 12:25:37'),
(599, 599, 28, 5, '2022', 6600.00, 0.00, 0.00, 6600.00, 0.00, '2023-07-13 12:25:37'),
(600, 600, 29, 5, '2022', 7800.00, 0.00, 0.00, 7800.00, 0.00, '2023-07-13 12:25:37'),
(601, 601, 30, 5, '2022', 4800.00, 0.00, 0.00, 4800.00, 0.00, '2023-07-13 12:25:37'),
(602, 602, 31, 5, '2022', 3600.00, 0.00, 0.00, 3600.00, 0.00, '2023-07-13 12:25:37'),
(603, 603, 32, 5, '2022', 1800.00, 0.00, 0.00, 1800.00, 0.00, '2023-07-13 12:25:37'),
(604, 604, 37, 5, '2022', 2400.00, 0.00, 0.00, 2400.00, 0.00, '2023-07-13 12:25:37'),
(605, 605, 38, 5, '2022', 7200.00, 0.00, 0.00, 7200.00, 0.00, '2023-07-13 12:25:37'),
(606, 606, 42, 5, '2022', 600.00, 0.00, 0.00, 600.00, 0.00, '2023-07-13 12:25:37'),
(607, 607, 40, 5, '2022', 5400.00, 0.00, 0.00, 5400.00, 0.00, '2023-07-13 12:25:37'),
(608, 608, 41, 5, '2022', 1800.00, 0.00, 0.00, 1800.00, 0.00, '2023-07-13 12:25:37'),
(609, 609, 43, 5, '2022', 2400.00, 0.00, 0.00, 2400.00, 0.00, '2023-07-13 12:25:37'),
(610, 610, 44, 5, '2022', 1800.00, 0.00, 0.00, 1800.00, 0.00, '2023-07-13 12:25:37'),
(611, 611, 1, 7, '2023', 5700.00, 6000.00, 0.00, 0.00, 300.00, '2023-07-13 12:27:09'),
(612, 612, 2, 7, '2023', 3750.00, 0.00, 0.00, 3750.00, 0.00, '2023-07-13 12:26:01'),
(613, 613, 3, 7, '2023', 1500.00, 0.00, 0.00, 1500.00, 0.00, '2023-07-13 12:26:01'),
(614, 614, 4, 7, '2023', 25125.00, 0.00, 0.00, 25125.00, 0.00, '2023-07-13 12:26:01'),
(615, 615, 5, 7, '2023', 5625.00, 0.00, 0.00, 5625.00, 0.00, '2023-07-13 12:26:01'),
(616, 616, 6, 7, '2023', 16125.00, 0.00, 0.00, 16125.00, 0.00, '2023-07-13 12:26:01'),
(617, 617, 7, 7, '2023', 19125.00, 0.00, 0.00, 19125.00, 0.00, '2023-07-13 12:26:01'),
(618, 618, 8, 7, '2023', 8250.00, 0.00, 0.00, 8250.00, 0.00, '2023-07-13 12:26:01'),
(619, 619, 9, 7, '2023', 5625.00, 0.00, 0.00, 5625.00, 0.00, '2023-07-13 12:26:01'),
(620, 620, 10, 7, '2023', 3000.00, 0.00, 0.00, 3000.00, 0.00, '2023-07-13 12:26:01'),
(621, 621, 11, 7, '2023', 12750.00, 0.00, 0.00, 12750.00, 0.00, '2023-07-13 12:26:01'),
(622, 622, 12, 7, '2023', 2250.00, 0.00, 0.00, 2250.00, 0.00, '2023-07-13 12:26:01'),
(623, 623, 13, 7, '2023', 5625.00, 0.00, 0.00, 5625.00, 0.00, '2023-07-13 12:26:01'),
(624, 624, 14, 7, '2023', 3750.00, 0.00, 0.00, 3750.00, 0.00, '2023-07-13 12:26:01'),
(625, 625, 15, 7, '2023', 1125.00, 0.00, 0.00, 1125.00, 0.00, '2023-07-13 12:26:01'),
(626, 626, 16, 7, '2023', 750.00, 0.00, 0.00, 750.00, 0.00, '2023-07-13 12:26:01'),
(627, 627, 17, 7, '2023', 1125.00, 0.00, 0.00, 1125.00, 0.00, '2023-07-13 12:26:01'),
(628, 628, 18, 7, '2023', 3750.00, 0.00, 0.00, 3750.00, 0.00, '2023-07-13 12:26:01'),
(629, 629, 19, 7, '2023', 18375.00, 0.00, 0.00, 18375.00, 0.00, '2023-07-13 12:26:01'),
(630, 630, 20, 7, '2023', 1875.00, 0.00, 0.00, 1875.00, 0.00, '2023-07-13 12:26:01'),
(631, 631, 21, 7, '2023', 5625.00, 0.00, 0.00, 5625.00, 0.00, '2023-07-13 12:26:01'),
(632, 632, 22, 7, '2023', 7125.00, 0.00, 0.00, 7125.00, 0.00, '2023-07-13 12:26:01'),
(633, 633, 23, 7, '2023', 6750.00, 0.00, 0.00, 6750.00, 0.00, '2023-07-13 12:26:01'),
(634, 634, 24, 7, '2023', 6375.00, 0.00, 0.00, 6375.00, 0.00, '2023-07-13 12:26:01'),
(635, 635, 25, 7, '2023', 3750.00, 0.00, 0.00, 3750.00, 0.00, '2023-07-13 12:26:01'),
(636, 636, 26, 7, '2023', 17250.00, 0.00, 0.00, 17250.00, 0.00, '2023-07-13 12:26:01'),
(637, 637, 27, 7, '2023', 3375.00, 0.00, 0.00, 3375.00, 0.00, '2023-07-13 12:26:01'),
(638, 638, 28, 7, '2023', 8250.00, 0.00, 0.00, 8250.00, 0.00, '2023-07-13 12:26:01'),
(639, 639, 29, 7, '2023', 9750.00, 0.00, 0.00, 9750.00, 0.00, '2023-07-13 12:26:01'),
(640, 640, 30, 7, '2023', 6000.00, 0.00, 0.00, 6000.00, 0.00, '2023-07-13 12:26:01'),
(641, 641, 31, 7, '2023', 4500.00, 0.00, 0.00, 4500.00, 0.00, '2023-07-13 12:26:01'),
(642, 642, 32, 7, '2023', 2250.00, 0.00, 0.00, 2250.00, 0.00, '2023-07-13 12:26:01'),
(643, 643, 37, 7, '2023', 3000.00, 0.00, 0.00, 3000.00, 0.00, '2023-07-13 12:26:01'),
(644, 644, 38, 7, '2023', 9000.00, 0.00, 0.00, 9000.00, 0.00, '2023-07-13 12:26:01'),
(645, 645, 42, 7, '2023', 750.00, 0.00, 0.00, 750.00, 0.00, '2023-07-13 12:26:01'),
(646, 646, 40, 7, '2023', 6750.00, 0.00, 0.00, 6750.00, 0.00, '2023-07-13 12:26:01'),
(647, 647, 41, 7, '2023', 2250.00, 0.00, 0.00, 2250.00, 0.00, '2023-07-13 12:26:01'),
(648, 648, 43, 7, '2023', 3000.00, 0.00, 0.00, 3000.00, 0.00, '2023-07-13 12:26:01'),
(649, 649, 44, 7, '2023', 2250.00, 0.00, 0.00, 2250.00, 0.00, '2023-07-13 12:26:01');

--
-- Indexes for dumped tables
--

--
-- Indexes for table `panel_admin`
--
ALTER TABLE `panel_admin`
  ADD PRIMARY KEY (`id`);

--
-- Indexes for table `panel_config_type`
--
ALTER TABLE `panel_config_type`
  ADD PRIMARY KEY (`id`);

--
-- Indexes for table `panel_config_variable`
--
ALTER TABLE `panel_config_variable`
  ADD PRIMARY KEY (`id`);

--
-- Indexes for table `panel_menu`
--
ALTER TABLE `panel_menu`
  ADD PRIMARY KEY (`id`);

--
-- Indexes for table `settings`
--
ALTER TABLE `settings`
  ADD PRIMARY KEY (`id`);

--
-- Indexes for table `water_amount_balance`
--
ALTER TABLE `water_amount_balance`
  ADD PRIMARY KEY (`id`);

--
-- Indexes for table `water_expenses`
--
ALTER TABLE `water_expenses`
  ADD PRIMARY KEY (`id`);

--
-- Indexes for table `water_users`
--
ALTER TABLE `water_users`
  ADD PRIMARY KEY (`id`);

--
-- Indexes for table `water_user_payments`
--
ALTER TABLE `water_user_payments`
  ADD PRIMARY KEY (`id`);

--
-- Indexes for table `water_user_payments_status`
--
ALTER TABLE `water_user_payments_status`
  ADD PRIMARY KEY (`id`);

--
-- Indexes for table `water_user_payments_status_history`
--
ALTER TABLE `water_user_payments_status_history`
  ADD PRIMARY KEY (`id`);

--
-- AUTO_INCREMENT for dumped tables
--

--
-- AUTO_INCREMENT for table `panel_admin`
--
ALTER TABLE `panel_admin`
  MODIFY `id` int NOT NULL AUTO_INCREMENT, AUTO_INCREMENT=12;

--
-- AUTO_INCREMENT for table `panel_config_type`
--
ALTER TABLE `panel_config_type`
  MODIFY `id` int NOT NULL AUTO_INCREMENT, AUTO_INCREMENT=3;

--
-- AUTO_INCREMENT for table `panel_config_variable`
--
ALTER TABLE `panel_config_variable`
  MODIFY `id` int NOT NULL AUTO_INCREMENT, AUTO_INCREMENT=7;

--
-- AUTO_INCREMENT for table `panel_menu`
--
ALTER TABLE `panel_menu`
  MODIFY `id` int NOT NULL AUTO_INCREMENT, AUTO_INCREMENT=29;

--
-- AUTO_INCREMENT for table `settings`
--
ALTER TABLE `settings`
  MODIFY `id` int NOT NULL AUTO_INCREMENT, AUTO_INCREMENT=3;

--
-- AUTO_INCREMENT for table `water_amount_balance`
--
ALTER TABLE `water_amount_balance`
  MODIFY `id` int NOT NULL AUTO_INCREMENT, AUTO_INCREMENT=17;

--
-- AUTO_INCREMENT for table `water_expenses`
--
ALTER TABLE `water_expenses`
  MODIFY `id` int NOT NULL AUTO_INCREMENT, AUTO_INCREMENT=35;

--
-- AUTO_INCREMENT for table `water_users`
--
ALTER TABLE `water_users`
  MODIFY `id` int NOT NULL AUTO_INCREMENT, AUTO_INCREMENT=61;

--
-- AUTO_INCREMENT for table `water_user_payments`
--
ALTER TABLE `water_user_payments`
  MODIFY `id` int NOT NULL AUTO_INCREMENT;

--
-- AUTO_INCREMENT for table `water_user_payments_status`
--
ALTER TABLE `water_user_payments_status`
  MODIFY `id` int NOT NULL AUTO_INCREMENT, AUTO_INCREMENT=45;

--
-- AUTO_INCREMENT for table `water_user_payments_status_history`
--
ALTER TABLE `water_user_payments_status_history`
  MODIFY `id` int NOT NULL AUTO_INCREMENT, AUTO_INCREMENT=650;
COMMIT;

/*!40101 SET CHARACTER_SET_CLIENT=@OLD_CHARACTER_SET_CLIENT */;
/*!40101 SET CHARACTER_SET_RESULTS=@OLD_CHARACTER_SET_RESULTS */;
/*!40101 SET COLLATION_CONNECTION=@OLD_COLLATION_CONNECTION */;
